English,Label,Tigrinya (TIR),Tigrinya (IPA),Oromo (Orm),Oromo (IPA),Wikipedia,KB ID,
Abadula Gemeda,PER,,,Abbaaduulaa Gammadaa,,https://en.wikipedia.org/wiki/Abadula_Gemeda,,
Abalti Mountains,LOC,,,Gooroo Abbaltii,,,,
Abaya; Abbaya,GPE,,,Abbaya; Abbaayaa,,https://en.wikipedia.org/wiki/Abaya_(woreda),,
Abay Tsehaye,,,,,,,,
Abbalti,,,,Abbaltii,,,,
ABC; A.B.C.,ORG,ኤ . ቢ . ሲ .,,,,,,
Abdul Aziz al-Rantissi,PER,ኣብዱል ዓዚዝ ኣል - ራንቲዚ,ʔabdul ʕaziz ʔal - rantizi,,,,,
Abdul Kalam,PER,ኣብዱል ካላም,ʔabdul kalam,,,,,
Abe,PER,ዓቤ,ʕabe,,,,,
Abilene,GPE,ኣቢሌን,,,,,,
Abomsa,GPE,,,Abboomsaa,,https://en.wikipedia.org/wiki/Abomsa,345703,
Abraham Afewerki,PER,ን’ኣብራሃም ኣፈወርቂ,,,,,,
Abraham Getachew,PER,ኣብርሃም ጌታቸው,,,,,,
Abyssinia; Ethiopian Empire,GPE,,,Habashaa,,https://en.wikipedia.org/wiki/Ethiopian_Empire,,
Adabba; Adaba,,,,Adaabbaa,,,7670644,
Adama; Nazret; Nazreth,GPE,አዳማ,,Adaamaa; Hadaamaa,,https://en.wikipedia.org/wiki/Adama,,
Adama University; Adama Science and Technology University,ORG,,,,,https://en.wikipedia.org/wiki/Adama_University,,
Adami Tullu,PER,,,Adaamii Tulluu,,https://en.wikipedia.org/wiki/Adami_Tullu,,
Adami Tullu and Jido Kombolcha,GPE,,,,,https://en.wikipedia.org/wiki/Adami_Tullu_and_Jido_Kombolcha,10630197,
Addalle; Adele; Addelle,,,,Addallee; Addellee,,,,
Addis Ababa,GPE,ኣዲስ ኣበባ,ʔadis ʔabəba,Finfinne; Shaggar; Finfinnee,fɪnˈfɪ́n.nɛ́,https://en.wikipedia.org/wiki/Addis_Ababa,344979,
Addis Ababa University,ORG,,,,,https://en.wikipedia.org/wiki/Addis_Ababa_University,,
ADFE,ORG,ሰደግኤን,sədəɡɨʔen,,,https://en.wikipedia.org/wiki/Aerospace_Data_Facility-East,,
Adi Keyh; Addi Qeyh; Adi Keih; Adi Caie; Addi Caieh; Adi Ciah; Adi Keyih; Adi Kaie,GPE,ዓዲ ቐይሕ,ʕadi qʰəjɨħ,,,https://en.wikipedia.org/wiki/Adi_Keyh,345046,
Adi Quala,GPE,ዓዲ ዃላ,ʕadi xʷala,,,https://en.wikipedia.org/wiki/Adi_Quala,,
Adoolaa,,,,Adoolaa,,,,
Adulala,,,,Adulaala,,,344809,
Aegean Sea,LOC,ኤጅያዊ ባሕርን,,,,https://en.wikipedia.org/wiki/Aegean_Sea,265695,
Afar National Democratic Party,ORG,,,,,https://en.wikipedia.org/wiki/Afar_National_Democratic_Party,,
Afar Region,GPE,,,Affaar,,https://en.wikipedia.org/wiki/Afar_Region,444179,
Afawerki; Afewerki,,ኣፈወርቂ,,,,,,
Afder Zone,GPE,,,,,https://en.wikipedia.org/wiki/Afder_Zone,9410038,
Afghanistan,GPE,ኣፍጋኒስታን,ʔafɡanistan,Afgaanistaan,,https://en.wikipedia.org/wiki/Afghanistan,1149361,
AFP; Agence France-Presse,ORG,AFP,afɨp,Ajaanis Firaanis Pirees,,,,
Africa,LOC,ኣፍሪቃ,ʔafɨriqa,Afrikaa; Aafrikaa; Afirikaa,,https://en.wikipedia.org/wiki/Africa,6255146,
African Commision on Human and People's Rights; ACHPR,ORG,,,Komiishinni Miga Namaa Afriikaa fi Mirga Uummattootaa,,https://en.wikipedia.org/wiki/African_Commission_on_Human_and_Peoples%27_Rights,,
African Union,ORG,ኣፍሪቃዊ ሕብረት; ሕብረት ኣፍሪካ,ʔafɨriqawi ħɨbɨrət,,,https://en.wikipedia.org/wiki/African_Union,20000004,
Afwerki Isaias,PER,ኢሰያስ,,,,,,
Agafra,,,,Agafraa,,,,
Agartala,,ኣጋርታላ,ʔaɡartala,,,,,
Agazi,,,,Agaazii,,,,
Agew Awi,GPE,,,,,https://en.wikipedia.org/wiki/Agew_Awi_Zone,,
Aggaro,,,,Aggaaroo,,,,
Agordat; Akordat; Ak'ordat,GPE,ኣቆርዳት,ʔaqorɨdat,,,https://en.wikipedia.org/wiki/Agordat,,
Ahmad Taqi Sheikh Mohammed Rashid; Ahmad Taqi,PER,,,Ahimad Taqii,,,,
Ahmar Mountains,LOC,,,,,https://en.wikipedia.org/wiki/Ahmar_Mountains,344542,
Aji; Ajje,,,,Ajjee,,,,
Akaki,GPE,,,Aqaaqii,,https://en.wikipedia.org/wiki/Akaki,,
Akaki Basaka,,,,Aqaaqii Basaqaa,,,,
Akele Guzai; Akele Guzay,GPE,,,,,https://en.wikipedia.org/wiki/Akele_Guzai,,
Al Jazeera,ORG,ኣልጀዚራ,ʔald͡ʒəzira,,,https://en.wikipedia.org/wiki/Al_Jazeera,,
Al-Azhar Islamic University,ORG,ኣል ዛሃር ኢስላሚክ ዩኒቨርስቲ,ʔal zahar ʔislamik junivərsɨti,,,,,
Al-Azhar Mosque,LOC,መስጊድ ኣልኣህዛር,məsɡid ʔalʔahzar,,,,,
Al-Shabaab; Al-Shabab; al Shabaab; al Shabab,ORG,ኣልሸባብ,,,,https://en.wikipedia.org/wiki/Al-Shabaab_(militant_group),71000078,
Al-Sheikh,PER,ኣል ሸይቕ,ʔal ʃəjɨqʰ,,,,,
Alaba Kulito; Kultio; Kuliito,,,,,,https://en.wikipedia.org/wiki/Alaba_Kulito,,
Alaltu,,,,Alaltuu,,https://en.wikipedia.org/wiki/Alaltu_River,,
Albania,GPE,,,Albaaniyaa,,https://en.wikipedia.org/wiki/Albania,,
Alexandria,GPE,ኣሌክሳንደርያ,,Iskindiriyaa,,https://en.wikipedia.org/wiki/Alexandria,,
Algeria,GPE,,,Aljeeriyaa,,https://en.wikipedia.org/wiki/Algeria,,
Ali Mahmoud,PER,,,,, ,,
Allan Gotlieb,PER,ኣላን ጎትሊያብ,ʔalan ɡotɨlijab,,,,,
Amaro,GPE,,,,,https://en.wikipedia.org/wiki/Amaro_special_woreda,9410266,
Amazon,ORG,ኣማዞን,ʔamazon,,,https://en.wikipedia.org/wiki/Amazon_rainforest,,
Amazonia,LOC,አማዞናዊያ,ʔəmazonawi,,,https://en.wikipedia.org/wiki/Amazon_rainforest,,
Amba Geshen,LOC,,,,,https://en.wikipedia.org/wiki/Amba_Geshen,,
Ambo,GPE,,,Amboo; Ambo,,"https://en.wikipedia.org/wiki/Ambo,_Ethiopia",7670629,
Ambo University,ORG,,,Yuunibarsiitii Amboo,,https://en.wikipedia.org/wiki/Ambo_University,,
Ambo Zoria,GPE,,,,,https://en.wikipedia.org/wiki/Ambo_Zuria,,
America,GPE,ኣሜሪካ,ʔamerika,Ameerikaa,,https://en.wikipedia.org/wiki/United_States,6252001,
American Public Broadcasting Service; PBS,ORG,,,,,https://en.wikipedia.org/wiki/PBS,,
American University,ORG,አሜሪካን ዩኒቨርስቲ,ʔəmerikan junivərsɨti,,,,,
Amhara Region; Amhara,GPE,,,Naannoo Amaaraa;Amaaraa,,https://en.wikipedia.org/wiki/Amhara_Region,444180,
Amibara,GPE,,,,,https://en.wikipedia.org/wiki/Amibara_(woreda),8643585,
Amigna,GPE,,,Amiinyaa,,https://en.wikipedia.org/wiki/Amigna,8643586,
Amman,GPE,ኣማን,ʔaman,,,,,
Amnesty International,ORG,ኣምነስቲ ኢንተርናሽናል,,Amnistii Internaashinaal; Amnestii Inteernaashinaal; Amnestii Internaashinaal,,https://en.wikipedia.org/wiki/Amnesty_International,71000049,
Amsterdam,GPE,ኣምስተርዳም,ʔamɨsɨtərɨdam,,,https://en.wikipedia.org/wiki/Amsterdam,,
Andorra,GPE,,,Andooraa,,https://en.wikipedia.org/wiki/Andorra,,
Andrea Mitchell,PER,ኣንድራ ሚቼል,ʔanɨdɨra mit͡ʃel,,,https://en.wikipedia.org/wiki/Andrea_Mitchell,,
Angar,GPE,,,Angar,,https://en.wikipedia.org/wiki/Angar-e_Chaleh,,
Angela Merkel,PER,ኣንገላ መርከል,ʔanɡəla mərkəl,,,,,
Angettu,,,,Angeettuu,,,,
Angola,GPE,,,Angoolaa,,https://en.wikipedia.org/wiki/Angola,,
Anseba Region,GPE,ዞባ ዓንሰባ; ዓንሰባ,zoba ʕanɨsəba; ʕanɨsəba,,,https://en.wikipedia.org/wiki/Anseba_Region,,
Anseba River,LOC,ኣንሰባ,ʔanɨsəba,,,https://en.wikipedia.org/wiki/Anseba_River,,
Antarctic Ocean,LOC,,,Maanya Kibbacabbii,,https://en.wikipedia.org/wiki/Southern_Ocean,,
Antarctica,LOC,ኣንታርክቲካ,ʔantarkɨtika,Antaartikaa,,https://en.wikipedia.org/wiki/Antarctica,,
Antigua and Barbuda,GPE,,,Antiguwaa fi Barbuda,,https://en.wikipedia.org/wiki/Antigua_and_Barbuda,,
Anuak People,PER,,,,,https://en.wikipedia.org/wiki/Anuak_people,,
Arab University of Beirut,ORG,ኣዕራብ ዩኒቨርስቲን ናይ ቤይሩት,ʔaʕrab junivərsɨtin naj bejrut,,,,,
Arafat,PER,ዓረፋት,ʕarəfat,,,https://en.wikipedia.org/wiki/Yasser_Arafat,,
Arba Bordode,,,,Arba Bordodee,,https://en.wikipedia.org/wiki/Arba_Bordode,,
Arba Gugu Mountains,LOC,,,Gooroo Arba Guguu,,https://en.wikipedia.org/wiki/Mount_Arba_Gugu,,
Arboyye,,,,Arbooyyee,,,,
Arctic Ocean,LOC,,,Maanya Kaabacabbii,,https://en.wikipedia.org/wiki/Arctic_Ocean,,
Arero,,,,Areeroo; Areero,,https://en.wikipedia.org/wiki/Arero,,
Areza,,ዓረዛ,ʕarəza, ,,https://en.wikipedia.org/wiki/Areza,,
Argentina,GPE,,,Arjantiinaa,,https://en.wikipedia.org/wiki/Argentina,,
Argobba People,PER,,,,,https://en.wikipedia.org/wiki/Argobba_people,,
Ari Fleischer,PER,ኣሪ ፍሌሽር,ʔari fɨleʃɨr,,,,,
Ariel Sharon,PER,ኤሪያል ሻሮን,ʔerijal ʃaron,,,,,
Arjo,,,,Arjoo,,https://en.wikipedia.org/wiki/Arjo,,
Armenia,GPE,,,Armeeniyaa,,https://en.wikipedia.org/wiki/Armenia,,
Arsi,GPE,,,Arsii,,https://en.wikipedia.org/wiki/Arsi_Zone,,
Arsi Zone,GPE,,,Arsii; Godina Arsii,,https://en.wikipedia.org/wiki/Arsi_Zone,,
Asabot; Asabotor,GPE,,,Asaboot,,https://en.wikipedia.org/wiki/Asabot,,
Asalla,,,,Asallaa,,,,
Asandabo,,,,Asandaaboo,,,,
Asasa,GPE,,,Asaasa,,https://en.wikipedia.org/wiki/Asasa,,
Aseko,GPE,,,Asako,,https://en.wikipedia.org/wiki/Aseko,,
Asgori Abebe,,,,Asgorii Abeebee,,,,
Asgori Bacho,,,,Asgorii Bachoo,,,,
Asha,,,,Ashaa,,,,
Asia,LOC,ኤስያ,ʔesja,Eshiyaatti; Asiyaa,,https://en.wikipedia.org/wiki/Asia,,
Aksum,,ኣክሱም,,,,,,
Asmara; Asmera,GPE,ኣስመራ; አስመራ,ʔasɨməra; ʔasməra,,,https://en.wikipedia.org/wiki/Asmara,,
Asosa,GPE,,,Asaasaa,,https://en.wikipedia.org/wiki/Asosa,343291,
Assab,GPE,ዓሰብ,,,,https://en.wikipedia.org/wiki/Assab,,
Assab; Aseb,GPE,ዓሰብ,ʕasəb,,,https://en.wikipedia.org/wiki/Assab,,
Associated Press,ORG,ኣሶሼትድ ፕረስ,ʔasoʃetɨd pɨrəs,,,https://en.wikipedia.org/wiki/Associated_Press,,
Atal Behari Vajpayee,,ኣታል ቢሃሪ ቫጅፓየን,ʔatal bihari vad͡ʒpajən,,,,,
Atlanta,GPE,,,Atlaantaa,,https://en.wikipedia.org/wiki/Atlanta,,
Atlantic,LOC,ኣትላንቲክ,ʔatɨlanɨtik,Garba Atilaantiikii; Atilaantiikii,,https://en.wikipedia.org/wiki/Atlantic_Ocean,,
Augaro,,,,,,,,
Australia,GPE,ኣውስትራሊያ,ʔawsɨtralija,Awustiraaliyaa; Awustaraaliyaa; Awustraaliyaa,,https://en.wikipedia.org/wiki/Australia,,
Austria,GPE,,,Ostiriyaa,,https://en.wikipedia.org/wiki/Austria,,
Awaash Malkasa,,,,Awaash Malkaasaa,,,,
Awadai; Awadhi,PER,,,Awaday,,https://en.wikipedia.org/wiki/Awadhi_people,,
Awasa; Hawassa; Awassa,GPE,ሐዋሳ,,,,https://en.wikipedia.org/wiki/Awasa,,
Awash,GPE,,,Awaash,,"https://en.wikipedia.org/wiki/Awash,_Ethiopia",,
Awash Baldho,,,,Awaash Baldhoo,,,,
Awash Kunture,,,,Awaash Qunxuree,,,,
Awsi Rasu; Administrative Zone 1,GPE,,,,,https://en.wikipedia.org/wiki/Administrative_Zone_1_(Afar),,
Ayira,,,,Ayiraa,,,,
Ayub Kasim,,ኣዩብ ቓስም,,,,,,
Azerbaijan,GPE,,,Azarbajaan,,https://en.wikipedia.org/wiki/Azerbaijan,,
Baabbile,,,,Baabbilee,,,,
Babbicha,,,,Baabbicha,,,,
Babylon,GPE,,,Baabiloon,,https://en.wikipedia.org/wiki/Babylon,,
Badda Kerro,,,,Baddaa Qeerroo,,,,
Badda Rogge,,,,Baddaa Roggee,,,,
Baddalle,,,,Baddallee,,,,
Baddanno,,,,Baddannoo,,,,
Baddessa,,,,Baddeessaa,,,,
Badme,,ባድመ,,,,https://en.wikipedia.org/wiki/Badme,449176,
Baghdad,GPE,ባቕዳድ,baqʰdad,,,,,
Bahamas,GPE,,,Bahaamaa,,https://en.wikipedia.org/wiki/The_Bahamas,,
Bahir Dar,GPE,,,Baahir Daar,,https://en.wikipedia.org/wiki/Bahir_Dar,342884,
Bahrain,GPE,,,Baahireen,,https://en.wikipedia.org/wiki/Bahrain,,
Bakke,,,,Bakkee,,,,
Bakko,,,,Baakkoo,,,,
Bako Tibe,GPE,,,Baakkoo Tibbee,,https://en.wikipedia.org/wiki/Bako_Tibe,,
Bale,GPE,,,Baale; Baalee,,https://en.wikipedia.org/wiki/Bale_Zone,,
Bale Mountains,LOC,,,,,https://en.wikipedia.org/wiki/Bale_Mountains,,
Bale Mountains National Park,LOC,,,,,https://en.wikipedia.org/wiki/Bale_Mountains_National_Park,,
Bale Province,GPE,,,,,"https://en.wikipedia.org/wiki/Bale_Province,_Ethiopia",,
Bale Zone,GPE,,,Baale; Godina Baale,,https://en.wikipedia.org/wiki/Bale_Zone,,
Bambasi; Abba Moti,GPE,,,Baambasii,,https://en.wikipedia.org/wiki/Bambasi,11351356,
Bangladesh,GPE,ባንግላዴሽ,banɨɡɨladeʃ,Baangiladeesh,,https://en.wikipedia.org/wiki/Bangladesh,,
Bani Walid,GPE,በኒ ወሊድ,bəni wəlid,,,https://en.wikipedia.org/wiki/Bani_Walid,,
Bantu,PER,,,Baantuu,,https://en.wikipedia.org/wiki/Bantu_peoples,,
Barack Obama,PER,በራክ ኦባማ,bərak ʔobama,Baraack Obaamaan,,,,
Barbados,GPE,,,Barbaadoos,,https://en.wikipedia.org/wiki/Barbados,,
Barcelona,GPE,ባርሴሎና,barɨselona,Barseloonaa,,https://en.wikipedia.org/wiki/Barcelona,,
Barentu,GPE,,,,,"https://en.wikipedia.org/wiki/Barentu,_Eritrea",,
Barka,GPE,,,,,https://en.wikipedia.org/wiki/Barka_(Eritrea),,
Barka River,LOC,,,,,https://en.wikipedia.org/wiki/Barka_River,,
Baridar,,ባህርዳር,bahrɨdar,,,,,
Baro,,,,Baaroo,,,,
Basketo,GPE,,,,,https://en.wikipedia.org/wiki/Basketo_special_woreda,,
Bata,GPE,,,Bataa,,town in Equatorial Guinea,,
Bati,GPE,,,Baatii,,https://en.wikipedia.org/wiki/Bati_(woreda),,
Batu,,,,Baatuu,,,,
Becho,GPE,,,Bacho,,https://en.wikipedia.org/wiki/Becho,7670630,
Bedele,,,,,,,,
Begi,GPE,,,Beegii,,"https://en.wikipedia.org/wiki/Begi,_Oromia_(woreda)",,
Beijing,,ቤይጂንግ,bejd͡ʒinɨɡ,,,,,
Beilul; Beylul,GPE,,,,,https://en.wikipedia.org/wiki/Beilul,,
Beit Hanoun,GPE,ቤት ሃኑን,bet hanun,,,https://en.wikipedia.org/wiki/Beit_Hanoun,,
Bekele Gerba,,በቀለ ገርባ,,Beqqelee Garbaa; Baqqalaa Garbaa,,,71000197,
Belarus,GPE,,,Belarus,,https://en.wikipedia.org/wiki/Belarus,,
Belgium,GPE,በልጁም,bəlɨd͡ʒum,Beeljigii,,https://en.wikipedia.org/wiki/Belgium,,
Belize,GPE,,,Beliz,,https://en.wikipedia.org/wiki/Belize,,
Bench Maji,GPE,,,Beenchii Maajii,,https://en.wikipedia.org/wiki/Bench_Maji_Zone,,
Bendeno; Bedeno,GPE,,,,,https://en.wikipedia.org/wiki/Bedeno_(woreda),,
Benin,GPE,,,Bineen,,https://en.wikipedia.org/wiki/Benin,,
Benishangul-Gumuz,GPE,,,Benishangul-Gumuzii,,https://en.wikipedia.org/wiki/Benishangul-Gumuz_Region,444181,
Berbera,GPE,,,,,https://en.wikipedia.org/wiki/Berbera,9179669,
Berlin,GPE,በርሊን,bərlin,,,,,
Bernard Aronson,PER,በርናርድ አሮንሰን,bərɨnarɨd ʔəronɨsən,,,https://en.wikipedia.org/wiki/Bernard_W._Aronson,,
Beyene Petros,PER,በየነ ጴጥሮስ,,Bayyanee Phexroos; Beyyenee Petroos ,,https://en.wikipedia.org/wiki/Beyene_Petros,71000115,
Bharatiya Janata,,ባሕራቲያ ጃናታ,baħratija d͡ʒanata,,,,,
Bhutan,GPE,,,Butaan,,https://en.wikipedia.org/wiki/Bhutan,,
Bijata,,,,Abijaataa,,,,
Bila; Bilo; Billo,GPE,,,Biilaa,,https://en.wikipedia.org/wiki/Bilo,,
Bill Clinton,PER,ክሊንተን,kɨlinɨtən,,,,,
Binyam,,ቢንያም,,,,,,
Birbir,LOC,,,Birbir,,https://en.wikipedia.org/wiki/Birbir_River,,
Birmingham,GPE,በሚንግሃም,bəminɡɨham,,,,,
Birundi,GPE,ብሩንዲ,,,,,,
Bishoftu,GPE,,,Bishooftuu,,https://en.wikipedia.org/wiki/Bishoftu,,
Blackstone Group,ORG,ብላክ ስቶን ግሩፕ,bɨlak sɨton ɡɨrup,,,,,
Bodda,,,,Bodda,,,,
Bofa,,,,Bofaa,,,,
Boke Tikko,,,,Bookee Xiqqoo,,,,
Bokojjii,,,,Boqojjii,,,,
Bokona,,,,Borkanaa,,,,
Bole Bulbula,,,,Boolee Bulbulaa,,,10376982,
Bolivia,GPE,,,Boliibiyaa,,https://en.wikipedia.org/wiki/Bolivia,,
Bombay; Mumbai,GPE,ቦምቤ,bomɨbe,Bombee,,https://en.wikipedia.org/wiki/Mumbai,,
Bora,,,,Booraa,,,,
Borana,PER,,,Boorana,,https://en.wikipedia.org/wiki/Borana_Oromo_people,,
Bore,GPE,,,Booree,,https://en.wikipedia.org/wiki/Bore_(woreda),,
Borena Zone; Borana Zone,GPE,,,Godina Booranaa,,https://en.wikipedia.org/wiki/Borena_Zone,7732039,
Boroda,,,,Borodaa,,,,
Boru Jawwi,,,,Boruu Jaawwii,,,,
Bosnia and Herzegovina,GPE,,,Bosniyaa fi Hersigobenaa,,https://en.wikipedia.org/wiki/Bosnia_and_Herzegovina,,
Botswana,GPE,ቦትስዋና,,Botiswaanaa,,https://en.wikipedia.org/wiki/Botswana,,
Brazil,GPE,ብራዚል,bɨrazil,Biraazil ,,https://en.wikipedia.org/wiki/Brazil,3469034,
Brian Mulroney,PER,ብሪያን ሙልሮላይ,bɨrijan mulɨrolajɨ,,,https://en.wikipedia.org/wiki/Brian_Mulroney,,
Britain,GPE,ብሪጣንያ,bɨritʼanɨja,Briteen,,https://en.wikipedia.org/wiki/Britain_(place_name),,
British Red Cross,ORG,ቀይሕ መስቀል እንግሊዝ,qəjɨħ məsɨqəl ʔɨnɨɡɨliz,,,https://en.wikipedia.org/wiki/British_Red_Cross,,
Brunei,GPE,,,Birunaay,,https://en.wikipedia.org/wiki/Brunei,,
Budapest,GPE,ቡዳፔሽት,budapeʃɨt,,,https://en.wikipedia.org/wiki/Budapest,,
Bulbuloo,,,,Bulbuloo,,,,
Bulgaria,GPE,,,Bulgaariyaa,,https://en.wikipedia.org/wiki/Bulgaria,,
Burayu,GPE,,,Buraayyuu,,https://en.wikipedia.org/wiki/Burayu,NIL,
Bure,GPE,,,Buree,,"https://en.wikipedia.org/wiki/Bure,_Oromia_(woreda)",,
Burji,GPE,,,,,https://en.wikipedia.org/wiki/Burji_special_woreda,,
Burka,,,,Burqaa,,,,
Burkina Faso,GPE,,,Burkiinaa Faasoo; Burkinaa Faasoo,,https://en.wikipedia.org/wiki/Burkina_Faso,,
Burma; Myanmar,GPE,,,Barmaa,,https://en.wikipedia.org/wiki/Myanmar,,
Burundi,GPE,ቡሩንዲ; ቡሩንዲን,burundi; burundin,Burundii,,https://en.wikipedia.org/wiki/Burundi,,
Busa,,,,Buusaa,,,,
Caalaa Bultum,,,,,,,,
Cairo,,ካይሮ,kajro,,,,,
Calais,GPE,ካሌ,kale,,,https://en.wikipedia.org/wiki/Calais,,
Calcutta; Kolkata,GPE,,,Kaalikutaa,,https://en.wikipedia.org/wiki/Kolkata,,
California,,ካሊፎርንያ,,,,,,
Cambodia,GPE,ካምቦዲያ,kamɨbodija,Kamboodiyaa,,https://en.wikipedia.org/wiki/Cambodia,,
Cameroon,GPE,,,Kaameruun; Kamero,,https://en.wikipedia.org/wiki/Cameroon,,
Camp David,LOC,ካምፕ ዴቪድ,kamɨp devid,,,https://en.wikipedia.org/wiki/Camp_David,,
Canada,GPE,ካናዳ,kanada,Kanaadaa; Kaanaadaa,,https://en.wikipedia.org/wiki/Canada,,
Canadian Senate,ORG,ሴኔት ካናዳን,senet kanadan,,,,,
Cape Town,GPE,,,Keep Taawon,,https://en.wikipedia.org/wiki/Cape_Town,,
Cape Verde,GPE,,,Keppe Verdee,,https://en.wikipedia.org/wiki/Cape_Verde,,
Carter,PER,ካርተር,karɨtər,,,https://en.wikipedia.org/wiki/Jimmy_Carter,,
Casablanca,GPE,,,Kaasabilaankaa,,https://en.wikipedia.org/wiki/Casablanca,,
Center Denkalia; Central Denkalia,GPE,ማእከል ደንካልያ,maʔkəl dənkalja,,,,,
Central African Republic,GPE,,,Republika Afrikaa Jiddugalee,,https://en.wikipedia.org/wiki/Central_African_Republic,,
Central America,GPE,ማእኸላይ ኣሜሪካ,maʔɨxəlaj ʔamerika,,,https://en.wikipedia.org/wiki/Central_America,,
Central Intelligence Agency,GPE,ሴንትራል ኢንተለጀንስ ኤጀንሲ,senɨtɨral ʔinɨtələd͡ʒənɨs ʔed͡ʒənɨsi,,,,,
Central Region; Central; Central Zone,GPE,ዞባ ማእከል; ማእከል,zoba maʔɨkəl; maʔɨkəl,,,https://en.wikipedia.org/wiki/Central_Region_(Eritrea),,
Chacha,,,,Caaca,,,,
Chad,GPE,,,Chaad,,https://en.wikipedia.org/wiki/Chad,,
Chaffa Robi,,,,Caffaa Roobii,,,,
Chaffe Donsa,,,,Caffee Doonsaa,,,,
Chaffo,,,,Caffo,,,,
Chalalaka,,,,Calalqaa,,,,
Chalanko,,,,Calanqoo,,,,
Chalbi,,,,Calbii,,,,
Chamo,,,,Caamoo,,,,
Chancho,,,,Caancoo,,,,
Chanka,PER,,,Caanqaa,,https://en.wikipedia.org/wiki/Chanka,,
Chatham House,,ጉጅለ ቻትሃም,,,,,,
Cheliya,GPE,,,Calliyaa,,https://en.wikipedia.org/wiki/Cheliya,,
Chile,GPE,,,Chiilee,,https://en.wikipedia.org/wiki/Chile,,
China,GPE,ቻይና,t͡ʃajna,Chaayinaa,,https://en.wikipedia.org/wiki/China,,
Chinaksen; Chinhahsan,GPE,,,,,https://en.wikipedia.org/wiki/Chinhahsan,,
Chira,,,,Ciraa,,,,
Chiro,,,,Ciro,,,,
Chirracha,,,,Cirracha,,,,
Chittu,,,,Cittuu,,,,
Chole,GPE,,,,,https://en.wikipedia.org/wiki/Chole_(woreda),,
Christian,PER,ክርስቲያናዊ,kɨrɨsɨtijanawi,,,https://en.wikipedia.org/wiki/Christian,,
Chukkala,,,,Hara Cuqqaalaa,,,,
Chulta Gurre Birki,,,,Cuultaa Gurree Birqii,,,,
Ciba-Geigy Corporation,ORG,ሲባ - ጄይጊይ ኮርፖሬሽን,siba - d͡ʒejɨɡij korɨporeʃɨn,,,https://en.wikipedia.org/wiki/Novartis#Ciba-Geigy,,
Cincinnati,GPE,ሲንሲናቲ,sinɨsinati,,,https://en.wikipedia.org/wiki/Cincinnati,,
Colin Powell,PER,ኮሊን ፓውል,kolin pawɨl,,,,,
Colombia,GPE,,,Kolombiyaa,,,,
Columbia University,ORG,ዩኒቨርስቲ ኮሎምብያ,,,,,,
Committee to Protect Journalists; CPJ,ORG,,,CPJ; Gaazexeesitootaa Eeguuf Dhaabate; Koreen Mirga Gaazexeessitotaa,,,,
Comoros,GPE,,,Komooroo,,,,
Congo,GPE,ኮንጎ,,Koongoo,,,,
Congo Brazzaville,GPE,,,Kongoo Biraazabil,,,,
Congo Kinshasa,GPE,,,Koongoo Kinshaasaa,,,,
Contra,PER,ኮንትራ,konɨtɨra,,,,,
"Convention against Torture and other Cruel, Inhuman or Degrading Treatment or Punishment",,,,,,,,
Corazon Aquino,PER,ኮራዞን ኣኩይኖ,korazon ʔakujno,,,,,
Costa Rica,GPE,ኮስታሪካ,kosɨtarika,Kostaa Rikaa,,,,
Cote D'ivoire,GPE,,,Kotee Dibiwaar,,,,
Croatia,GPE,,,Kirowaatiyaa,,,,
Cuba,GPE,ኩባ,kuba,Kuubaa,,,,
Cyprus,GPE,,,Sippiras,,,,
Czech Republic,GPE,,,Republika Cheekii,,,,
Dabana,,,,Daabanaa,,,,
Dabbahu Volcano,LOC,,,,,https://en.wikipedia.org/wiki/Dabbahu_Volcano,9883887,
Dabbus,,,,Daabbus,,,,
Dadar,,,,Dadar,,,,
Dagaga,,,,Dagaagaa,,,,
Dagam,,,,Dagam,,,,
Dahlak Archipelago,LOC,ዳህላክ,dahɨlak,,,https://en.wikipedia.org/wiki/Dahlak_Archipelago,,
Dalaffilla,LOC,,,,,https://en.wikipedia.org/wiki/Dalaffilla,9883889,
Dalatti,,,,Daalattii,,,,
Dallo Sarbo,,,,Dalloo Sarboo,,,,
Dallol,GPE,,,,,"https://en.wikipedia.org/wiki/Dallol,_Ethiopia",,
Dallol Volcano,LOC,,,,,https://en.wikipedia.org/wiki/Dallol_(volcano),9883897,
Damascus,GPE,ደማስቓስ,dəmasqʰas,,,,,
Dambi,,,,Dambii,,,,
Dambi Dollo,,,,Dambi Dolloo,,,,
Danakil Depression,LOC,,,,,https://en.wikipedia.org/wiki/Danakil_Depression,416461,
Danakil Desert,LOC,,,,,https://en.wikipedia.org/wiki/Danakil_Desert,,
Dandi Mountains,LOC,,,Gooroo Dandii,,,,
Danish People,PER,ደንማርካዊ,dənɨmarɨkawi,,,,,
Dannaba,,,,Dannaba,,,,
Dano,GPE,,,Daannoo,,https://en.wikipedia.org/wiki/Dano_(woreda),10375666,
Dase,,,,Dasee,,,,
David Del Conte,PER,,,,,,,
Dawro,,,,,,,,
Dawwa,,,,Dawwaa,,,,
Dawwe,,,,Daawwee,,,,
Debarwa,GPE,ድባርዋ,dɨbarɨwa,,,https://en.wikipedia.org/wiki/Debarwa,,
Debarwa Subregion,GPE,,,,,https://en.wikipedia.org/wiki/Debarwa,,
Debre Berhan,,,,,,,,
Debub; Debub Region; Southern Region,GPE,ዞባ ደቡብ; ደቡብ,zoba dəbub; dəbub,,,https://en.wikipedia.org/wiki/Southern_Region_(Eritrea),,
Degehabur,GPE,,,,,https://en.wikipedia.org/wiki/Degehabur,10399848,"There's 10399848, which is Degehabur Zone (https://en.wikipedia.org/wiki/Degehabur_Zone)"
Deir al-Balah,,ዴር ኣልባለህ,der ʔalɨbaləh,,,,,
Dejene Tafa,,,,,,,,
Dekemhare; Decamare,GPE,ደቀምሓረ,dəqəmɨħarə,,,https://en.wikipedia.org/wiki/Dekemhare,,
Dembidolo,GPE,,,Dambi Dooloo,,https://en.wikipedia.org/wiki/Dembidolo,339448,
Democratic Republic of the Congo,GPE,ዲሞክራቲክ ሪፑብሊክ ኮንጎ,dimokratik ripublik konɡo,Republikii demokraatawaa koongoo,,,203312,
Dendi,GPE,,,,,https://en.wikipedia.org/wiki/Dendi_(woreda),7670628,
Denkalia,GPE,,,,,https://en.wikipedia.org/wiki/Denkalia,,
Denmark,GPE,,,Denmaarkii,,,,
Dennis Sassou Nguesso,PER,ደኒስ ሳሶው ንጎሶ,,,,,,
Derg,ORG,,,Dargii,,,,
Dhera,,,,Dheeraa,,,,
Diddessa,,,,Dhiddheessa,,,,
Digvijay Singh,PER,ዲጂቪጄይ ሲንግ,did͡ʒivid͡ʒej sinɨɡ,,,,,
Diksis,,,,Diksiis,,,,
Dilalla,,,,Diilallaa,,,,
Dilla,,,,,,,,
Dima,,,,Diimaa,,,,
Dimtuu,,,,Diimtuu,,,,
Dinka Chala,,,,,,,,
Dinsho,,,,Diinsho,,,,
Dirashe,,,,,,,,
Dire Dawa; Dirre Dhawa,GPE,,,Dirre Dhawaa; Dirre Dawaa; Dirree Dhawaa,,https://en.wikipedia.org/wiki/Dire_Dawa,338832,
Djibouti,GPE,ጂቡቲ; ጅቡትን,d͡ʒɨbutɨ; d͡ʒɨbutɨn,Jibuutii; Jabuutii,,https://en.wikipedia.org/wiki/Djibouti,223816,
Djibouti City,GPE,,,,,https://en.wikipedia.org/wiki/Djibouti_City,223817,
DMHT,ORG,ዴምህት,,,,,,
Dobba,,,,Doobbaa,,,,
Doctors without Borders; MSF; Médecins Sans Frontières,ORG,ሓካይም ብዘይዶብ; ኤም ኤስ ኤፍ,,,,,,
Dodola woreda,GPE,,,Dodola,,,,
Dollo,GPE,,,Noonnoo,,"https://en.wikipedia.org/wiki/Nono,_Shewa",330063,
Dominica,GPE,,,Dominikaa,,,,
Dominican Republic,GPE,,,Republika Dominikaa,,,,
Donald Rumsfeld,PER,ዶናልድ ራምስፊልድ; ዶናልድ ራምስ,donalɨd ramɨsɨfilɨd; donalɨd ramɨs,,,,,
Donald Tusk,PER,ዶናልድ ታስክ,donalɨd tasɨk,,,,,
Donald Trump,PER,,,Doonaald Traamp,,https://www.voaafaanoromoo.com/a/traamp-gorsaa-gameessa-hojii-irraa-arian-/3991449.html,,
Dongoro,,,,Dongoroo,,,,
Doni,,,,Doonii,,,,
Doriya,,,,Dooriyaa,,,,
Dover,GPE,ዶቨር,,,,,,
Dubar,,,,Dubar,,,,
Dukam,,,,Duukam,,,,
East Africa,LOC,,,,,https://en.wikipedia.org/wiki/East_Africa,,
East Gojjam Zone,GPE,,,,,https://en.wikipedia.org/wiki/East_Gojjam_Zone,7670724,
East Hararge,GPE,,,Harargee Bahaa,,,,
East Hararghe Zone,GPE,,,Harargee Bahaa; Godina Harargee Bahaa,,https://en.wikipedia.org/wiki/East_Hararghe_Zone,7732970,
East Shawa,GPE,,,Shawaa Bahaa,,,,
East Shewa Zone,GPE,,,Baha Shawaa; Godina Baha Shawaa,,https://en.wikipedia.org/wiki/East_Shewa_Zone,7670720,
East Welega Zone; East Wellega Zone; East Wollega Zone; East Wallagga,GPE,,,Wallagga Bahaa; Godina Wallagga Bahaa,,https://en.wikipedia.org/wiki/East_Welega_Zone,7670721,
Ebibiyin ,GPE,,,Ebeebiyiin,,city in Equatorial Guinea,,
Ebisa Adunya,,,,,,,,
Ecuador,GPE,,,Ekuwadoor,,,,
Eddo,,,,Eddoo,,,,
EDFL,ORG,ደግሓኤ,dəɡɨħaʔe,,,,,
Efrem Gebrekristos,PER,,,,,,,
Egypt,GPE,,,Gibxii; Ijiipti,,,,
Ehud Barak,PER,ኣይሁድ ባራክ,ʔajɨhud barak,,,,,
Ejaji,,,,Ijaajjii; Ajaji,,,,
Ejere,,,,Ejeree,,,,
Ejersa,,,,Ejersa,,,,
Ejersa Goro,,,,Ejersa Gooroo,,,,
El Salvador,GPE,,,Elsalbadoor,,,,
ELF Revolutionary Council,ORG,ተሓኤ ሰውራዊ ባይቶ,təħaʔe səwɨrawi bajɨto,,,,,
Elliott Abrams,PER,ኢሊየት አብራምስ,ʔilijət ʔəbɨramɨs,,,,,
Elemo Qiltu,,,,Elemoo Qilxuu,,,,
Emile Lahoud,,ኢሚሌ ላሁድ,ʔimile lahud,,,,,
Endowment Fund for the Rehabilitation of Tigray; EFFORT,ORG,,,,,,,
Environmental Impact Assessments; EIA,,,,,,,,
Equatorial Guinea,GPE,,,Ekuwaatooriyaal Giinii; Giinii Mundhilafaa,,,,
Erer,,,,Erer,,,,
Erer Gota,,,,Erer Gootaa,,,,
Eritrea,GPE,ኤርትራ;ኤርትራውያን;ኤርትራን,ʔerɨtɨra,Eeritiraa; Eertiraa; Ertiraa,,https://en.wikipedia.org/wiki/Eritrea,338010,
Ethiopian Broadcasting Corporation; EBC; ETV,ORG,,,Koroporeeshiinii Biroodkaastii Itiyoopiyaa; EBC,,,,
Eritrean Defence Forces; Defense Force,ORG,ሓይልታት ምክልኻል,ħajɨlɨtat mɨkɨlɨxal,,,https://en.wikipedia.org/wiki/Eritrean_Defence_Forces,,
Eritrea–Ethiopia Boundary Commission; EEBC,ORG,,,,,,,
Eritrean Liberation Front; ELF,ORG,ተሓኤ,təħaʔe,,,,,
Eritrean People's Liberation Front; EPLF,ORG,ህዝባዊ ግንባር,,Adda Bilisummaa uummata Eritraa,,,,
Estonia,GPE,,,Istooniyaa,,,,
Ethiopia,GPE,ኢትዮጵያ,ʔitɨjopʼɨja,Itiyoophiyaa; Itoophiyaa; Itoopiyaa; Toophiyaa; Itiyoopiyaa; Itoophiya; Ixoophiyaa; Itiyoophiyaa; Itophiyaa,,https://en.wikipedia.org/wiki/Ethiopia,337996,
Ethiopia Human Rights Commission,ORG,,,,,,,
Ethiopia Human Rights Project; EHRP,ORG,,,,,,,
Ethiopian Civil Aviation Authority,ORG,,,,,,,
Ethiopian Embassy,ORG,ኤምባሲ ኢትዮጵያ,,,,,,
IHADEG; Iyaadig; Yaadiq; Ihaadiq; IHADEGf; IHADEGs,ORG,ኢህወደግ,,IHADEG; Iyaadig; Yaadiq; Ihaadiq,,https://en.wikipedia.org/wiki/Ethiopian_People%27s_Revolutionary_Democratic_Front,71000041,
Europe,LOC,ኣውሮጳ ; ኤውሮጳ; ኣውሮጳ,ʔewɨropʼa; ʔewropʼa; ʔawropʼa,Yuurooppi; Oroppaa; Awurooppaa; Awrooppaa,,,6255148,
European Parliament,ORG,ፓርላማ ኤውሮጳዊ ሕብረት,parɨlama ʔewɨropʼawi ħɨbɨrət,Paarlaaman Awuroppa,,,,
European Union; EU,ORG,ኤውሮጳዊ ሕብረት; ሕብረት ኣውሮጳን; ሕብረት ኤውሮጳን,ʔewɨropʼawi ħɨbɨrət; ħɨbɨrət ʔawɨropʼan; ħɨbrət ʔewropʼan,,,,,
Eutelsat,,,,,,,,
Evian,ORG,ኢቪያን,ʔivijan,,,,,
FAA,ORG,ኤፍኤኤ,ʔefɨʔeʔe,,,,,
Facebook,ORG,,,Feesbuuk; Feesbuukii,,,,
Fafan,,,,,,,,
Fafan,,,,Faafan,,,,
Faisalabad,,ፋይሳልኣባድ,fajsalʔabad,,,,,
Fantena Rasu,,,,,,,,
Fatah,ORG,ፋታሕ,fataħ,,,,,
Federal Aviation Administration,ORG,ምምህዳር ፌደራል አቪየሽን,mɨmɨhɨdar fedəral ʔəvijəʃɨn,,,,,
Fentale,,,,,,https://en.wikipedia.org/wiki/Fentale,337838,
Fesehaye Haile,PER,,,,,,,
Feyisa Lilesa,,,,Fayyisaa Leellisaa,,https://en.wikipedia.org/wiki/Feyisa_Lilesa,,
Fiche,PER,,,Fiche,,,,
Fiji,GPE,,,Fiijii,,,,
Fik; Fiq,,,,,,,,
Fikadu Mirkana,,,,Fiqaaduu Mirkaanaa; Fiqaadu Mirkanaa,,,,
Filtu,,,,Filtuu,,,,
Financial Services Authority; FSA,ORG,ፋይናንሳዊ ግልጋሎት,fajnansawi ɡɨlɡalot; fɨsa,,,,,
Fincha'a; Fincha,,,,Fincaa'aa,,,,
Finchawa,,,,Fincaawa,,,,
Finland,GPE,,,Finlaandii,,,,
Florence,GPE,ፍሎረንስ,fɨlorənɨs,,,,,
Florida,GPE,ፍሎሪዳ,fɨlorida,,,,,
Food and Drug Administration,ORG,ሞምሕዳር ምግቢን መድሃኒትን,momħɨdar mɨɡbin mədhanitɨn,,,,,
Fort Hood,LOC,ፎርትሁድ,fortɨhud,,,,,
Forto,,ፎርቶ,,,,,,
Forto Sawa,,ፈርቶ ሳዋ,,,,,,
France,GPE,ፈረንሳ,fərənɨs,Firaansi; Faransaa,,,,
Franco Gabrielli,PER,ፍራንኮ ጋብሪየሊ,fɨranko ɡabrijəli,,,,,
Frankfurt,GPE,,,Firaankifurtii,,,,
Funyan Bira,,,,Funyaan Biraa,,,,
Gabba,,,,Gabba,,,,
Gabi Rasu,PER,,,,,,,
Gabon,GPE,,,Gaabon; Gaaboon,,,,
Gachi,,,,Gachii,,,,
Gafarsa,,,,Hara Gafarsa,,,,
Galamso,,,,Galamso,,,,
Gambela People's Democratic Movement,ORG,,,,,,,
Gambela Region,GPE,ጋምቤላ; የጋምቤላ,,Naannoo Gaambeellaa;Gaambeellaa,,https://en.wikipedia.org/wiki/Gambela_Region,444183,
Gambia,GPE,,,Gaambiyaa,,,,
Gamo Gofa Zone,GPE,,,Gamuu-Gofaa,,https://en.wikipedia.org/wiki/Gamo_Gofa_Zone,,
Ganale,,,,,,,,
Ganale military camp,LOC,,,,,,,
Ganji,,,,Ganjii,,,,
Gannale,,,,Gannaalee,,,,
Garba,,,,Garbaa,,,,
Garba Gurracha,,,,Garba Gurraacha,,,,
Gasara,,,,Gasaraa,,,,
Gash-Barka Region; Gash-Barka,GPE,ጋሽ-ባርካ; ዞባ ጋሽ ባርካ; ጋሽ ባርካ,ɡaʃɨ-barɨka; zoba ɡaʃ barɨka; ɡaʃ barɨka,,,https://en.wikipedia.org/wiki/Gash-Barka_Region,,
Gash-Setit,LOC,,,,,https://en.wikipedia.org/wiki/Gash-Setit,,
Gattira,,,,Gaattiraa,,,,
Gaza,GPE,ቃዛ,qaza,,,,,
Gaza City,GPE,ከተማ ጋዛ,kətəma ɡaza,,,,,
Gaza Strip,GPE,ወሽመጥ ቃዛ,wəʃɨmətʼ qaza,,,,,
Gebre,,ገብራይ,,,,,,
Gebru,,ገብሩ,,,,,,
Gedeo,,,,,,https://en.wikipedia.org/wiki/Gedeo_Zone,7670732,
Gedo,,,,Geedoo,,,,
Gegrgis Ghirmai,PER,,,,,,,
Gembe,,,,Gembee,,,,
General Mills,ORG,ጄኔራል ሚልሥ,d͡ʒeneral milɨs,,,,,
Geneva,GPE,,,Jenebaa,,,,
Gentiloni,PER,ጀንቲሎኒ,,,,,,
Genzebe Dibaba,PER,,,Genzebee Dibaabaa,,https://en.wikipedia.org/wiki/Genzebe_Dibaba,,
George H. W. Bush,PER,ቡሽ,buʃ,,,https://en.wikipedia.org/wiki/George_H._W._Bush,,
George Mitchell,PER,ጆርጅ ሚሽል,d͡ʒorɨd͡ʒ miʃɨl,,,,,
George W. Bush,PER,ጆርጅ ደብሊው ቡሽ,d͡ʒorɨd͡ʒ dəbliw buʃ,,,,,
Georgetown University,ORG,ጆርጅታውን ዩኒቨርስቲ,d͡ʒord͡ʒɨtawɨn junivərsɨti,,,https://en.wikipedia.org/wiki/Georgetown_University,,
Georgia,GPE,,,Joorjiyaa,,,,
Germany,GPE,ጀርመን; ግርማይ,d͡ʒərɨmən,Biyya Jarmanii,,,,
Getachew Reda,PER,,,,,,,
Getachew Shiferaw,PER,,,,,,,
Ghana,GPE,,,Gaanaa,,,,
Gibe,,,,Gibe,,,,
Gibe Kalla,,,,Gibe Qalldhaa,,,,
Gidami,,,,Gidaamii,,,,
Gidda Ayyana,,,,Giddaa Ayyaanaa,,,,
Gida Kiremu,,,,Kiiramuu,,,,
Gimbi,,,,Gimbii,,https://en.wikipedia.org/wiki/Gimbi,336495,
Ginbot 7,ORG,,,,,https://en.wikipedia.org/wiki/Ginbot_7,71000055,
Ginchi,,,,Giincii,,,,
Ginde Beret,,,,Gindabarat,,https://en.wikipedia.org/wiki/Ginde_Beret,,
Gindo,,,,Gindo,,,,
Ginnir,,,,Gindhir,,,,
Girma Seifu,PER,,,Girmaa Sayifuu,,https://en.wikipedia.org/wiki/Girma_Seifu,,
Gobba,,,,Gobba,,,,
Gobessa,,,,Gobeessa,,,,
Godere woreda,GPE,,,,,,,
Gojjo,,,,Goojjoo,,,,
Gojjota,,,,Goojjota,,,,
Gololcha,,,,,,,,
Gomma woreda,GPE,,,,,,,
Gondar,GPE,,,Gondar,,https://en.wikipedia.org/wiki/Gondar,336014,
Gore,,,,Goree,,,,
Gordon Brown,PER,ጎርደን ብራውን,ɡordən bɨrawɨn,,,,,
Gori,,,,Gorii,,,,
Goro Bale,,,,Gooroo Baalee,,,,
Goro Sole,,,,Gooroo Soolee,,,,
Goro Waliso,,,,Gooroo Walisoo,,,,
Goshu Wolde,,ጎሹ ወልዴ,,,,,,
Government Communication Affairs Office,ORG,መግቢያ,,GCAO,,,71000080,
Great Rift Valley,LOC,,,,,"https://en.wikipedia.org/wiki/Great_Rift_Valley,_Ethiopia",957928,
Greece,GPE,ግሪኽን,ɡɨrixɨn,Giriik; Biyaa Giriikii,,,,
Greenland,GPE,ግሪንላንድን,ɡɨrinlandɨn,,,,,
Grenada,GPE,ግሪንዳድ,ɡɨrindad,Girenaadaa,,,,
The Guardian,ORG,,,Ze Gaardiyaan,,,,
Guatemala,GPE,,,Guwatimaalaa,,,,
Gudar,,,,Gudar,,,,
Guest House,ORG,ገስት ሃውስ,ɡəsɨt hawɨs,,,,,
Guinea,GPE,,,Giinii,,,2420477,
Guinea Bissau,GPE,,,Giinii Bisaawu,,,,
Guji Zone,GPE,,,Godina Gujii,,https://en.wikipedia.org/wiki/Guji_Zone,8299785,
Gulf of Aden,LOC,,,,,https://en.wikipedia.org/wiki/Gulf_of_Aden,80303,
Gulf of Zula; Annesley Bay; Baia di Arafali; Zula Bahir Selat’ē,LOC,,,,,https://en.wikipedia.org/wiki/Gulf_of_Zula,,
Gullallee,,,,Gullallee,,,,
Gulliso,,,,Gullisoo,,,,
Gumuruk,,,,Gumuruk,,,,
Guraferda,GPE,,,Gura Ferdaa,,https://en.wikipedia.org/wiki/Guraferda,335505,
Gurage; Guraghe,GPE,,,Guraagee,,https://en.wikipedia.org/wiki/Gurage_Zone,341021,
Gurra Dhamole,,,,Gurra Dhaamolee,,,,
Gurura,,,,Gur'uraa,,,,
Guruwa,,,,Guruwaa,,,,
Guyana,,,,Guyaanaa,,,,
Hadiya,,,,,,,,
Haifa,,ሀይፋ,həjfa,,,,,
Haile Selassie,PER,ቀዳማዊ ኃይለ ሥላሴ; ኃይለ ሥላሴ,,Hayila Sillaasee; Hayla Sillaasee; Hayle Sillaasee,,Haylamaariyaam Daassalanyii; Haylamaariyam Dasaalany; Haylamaariyaam Dassaalany; Haylamaaram Dassaalenyi; Haylee-Maariyam Dessaalenyi; Haayila Mariyaam Dassaalany; Hayile-maariyaam Dessaaleyi; Haile-mariyaam Dessaalenyi; Hayile-maariyaam Desaaleyi; Haile Maariyaam Dessaaleny; Hayila Mariyaam Dassaaleeny,71000119,
Hailemariam Desalegn,PER,ኃይለማሪያም ደሳለኝ,,Haylamaariyaam Daassalanyii; Haayile Maariyaam; Haylamaariyam Dasaalany; Haylamaariyaam Dassaalany; Haylamaaram Dassaalenyi; Haylee-Maariyam Dessaalenyi; Haayila Mariyaam Dassaalany; Hayile-maariyaam Dessaaleyi; Haile-mariyaam Dessaalenyi; Hayile-maariyaam Desaaleyi; Haile Maariyaam Dessaaleny; Haayla Maariyaam; Hayilemaariyaam Dessaalenyi; Haayle Maariyaam Dessaaleny,,,30001679,
Haiti,GPE,,,Hayitii,,,,
Halhal; Hal-Hal,GPE,,,,,"https://en.wikipedia.org/wiki/Halhal,_Eritrea",,
Hamad bin Jassem bin Jabr al-Thani,PER,ሓማድ ቢን ጃሲም ቢን ጃብር ኣል ጣኒ,ħamad bin d͡ʒasim bin d͡ʒabɨr ʔal tʼani,,,,,
Hamas,ORG,ሃማስ,hamas,,,,,
Hamasien,,ሓማሴን,ħamasen,,,https://en.wikipedia.org/wiki/Hamasien,,
Hamburg,GPE,,,Hamburgii,,,,
Hara Maya; Haramaya; Alemaya,GPE,,,Hara Maayaa; Haromaayaa,,,,
Harar,GPE,,,Harar,,,,
Hararghe,GPE,,,,,https://en.wikipedia.org/wiki/Hararghe,,
Harari Region,GPE,,,Naannoo Hararii;Hararii,,https://en.wikipedia.org/wiki/Harari_Region,444184,
Harato,GPE,,,Haratoo,,,,
Harawacha,,,,Harawaaca,,,,
Harbu,,,,Harbuu,,,,
Harbu Chululle,,,,Harbuu Culullee,,,,
Hari Rasu,,,,,,,,
Haro Dibbe,,,,Haroo Dibbee,,,,
Haro Dumal,,,,Haroo Dumaal,,,,
Haro Hara Liban,,,,Haroo Hara Liiban,,,,
Harsadi,,,,Harsadii,,,,
Harvard Medical School,ORG,ሐርቫርድ ህክምና ቤት ትምህርት,ħərɨvarɨd hɨkɨmɨna bet tɨmɨhɨrɨt,,,,,
Harwich,GPE,ሃርዊች,harɨwit͡ʃ,,,,,
Hatayye,,,,Haxaayyee,,,,
HazHaz,,ሓዝሓዝ,ħazħaz,,,,,
Hebron,GPE,ሔብሮን,ħebɨron,,,,,
Herero,,,,Hereero,,,,
Hiddi Lola,,,,Hiddii Lolaa,,,,
Hidilola,,,,,,,,
Higdef,,,,,,,,
Hirna,,,,Hirnaa,,,,
Ho Chi Minh City,GPE,,,Magaalaa Hochi Minii,,,,
Holland,GPE,ሆላንድ,holanɨd,,,,,
Holota,,,,Hoolota; Holota,,,,
Honduras,GPE,ሐን ዱራስ,ħən duras,Honduraas,,,,
Honqolloo,,,,Honqolloo,,,,
Horn of Africa,LOC,ቀርኒ ኣፍሪቃ,qərɨni ʔafɨriqa; qərni ʔafriqa,Gaanfi Afrikaa; Gaafa Afrikaa,,,,
Horo Guduru Welega Zone,GPE,,,Horroo Guduruu; Godina Horroo Guduruu,,https://en.wikipedia.org/wiki/Horo_Guduru_Welega_Zone,,
House of Commons,ORG,ኮሚቴታት ባይቶ እንግሊዝ,komitetat bajto ʔɨnɡɨlizɨ,,,,,
Hull,,ሃል,hal,,,,,
Hulluka,,,,Hulluuqaa,,,,
Human Rights Council Ethiopia; HRCO,ORG,,,,,,,
Human Rights League Horn of Africa; HRLHA,ORG,,,,,,,
Human Rights Watch,ORG,ተጠባቒ ሰብኣዊ መሰላት; ሂማን ራይትስ ዎች,,Hiyumaan Raaytis Waach; Humaan Raayiit Waach; Hiyumaan Raayit Wochiin; Hiyumaan Rayit Wochiin;,,,71000048,
Humora,,ከተማ ሑመራ,,,,,,
Hungary,GPE,ሃንጋሪ,hanɨɡari,Hungaariyaa,,,,
Hurrumu,,,,Hurruumuu,,,,
Hursa,,,,Huursaa,,,,
Huruta,,,,Hurutaa,,,,
Ibadan,,,,Ibaadan,,,,
Ibsa,,,,Ibsaa,,,,
Iceland,GPE,,,Islaandii,,,,
Idi,GPE,ዕዲ,ʕɨdi,,,"https://en.wikipedia.org/wiki/Edd,_Eritrea",,
Idris Muhammad Adam,,ንእድሪስ ሙሓመድ አደም,,,,,,
IGAD,,ኢጋድ,ʔiɡad,,,,,
Ijajji,,,,Ijaajjii,,,,
Illubabor Zone,GPE,,,Illuu Abbaa Booraa; Illuu Abbaaboor; Ilu-abbaabooraa,,https://en.wikipedia.org/wiki/Illubabor_Zone,7732965,
Ilubba Bora,,,,Ilubbaa Booraa,,,,
Inango,,,,Inaangoo,,,,
Inchinni Metta,,,,Incinnii Meettaa,,,,
Inchinnii Liban,,,,Incinnii Liiban,,,,
India,GPE,ህንዲ,hɨnɨdi,Biyya Hindii,,,,
Indian Ocean,LOC,,,Garba Indiyaa; Maanya Hindii,,https://en.wikipedia.org/wiki/Indian_Ocean,1545739,
Indians of the Andes,PER,ህንዳዊያን አንደስ,hɨnɨdawijan ʔənɨdəs,,,,,
Indonesia,GPE,,,Indoneesiyaa,,,,
International Convention for the Protection of All Persons from Enforced Disappearance,,,,,,,,
International Covenant on Civil and Political Rights; ICCPR,,,,,,,,
International Monetary Fund,ORG,ኣህጉራዊ ገንዘባዊ ትካል,,IMF; Dhaabara Qabeenya Addunyaa; Dhaabiin Maallaqa Addunyaa,,,20000126,
International Organization for Migration,ORG,ኣህጉራዊ ማሕበር ስደተኛታት; ኣህጉራዊ ውድብ ጉዳይ ስደተኛታት,ʔahɨɡurawi maħɨbər sɨdətəɲatat,,,https://en.wikipedia.org/wiki/International_Organization_for_Migration,20000128,
International Red Cross,ORG,ኣህጕራዊ ቀይሕ መስቀል,ʔahɨɡʷɨrawi qəjɨħ məsɨqəl,,,https://en.wikipedia.org/wiki/International_Red_Cross_and_Red_Crescent_Movement,,
International Red Cross Society,ORG,ኣህጉራዊ ማሕበር ቀይሕ መስቀል,ʔahɡurawi maħbər qəjɨħ məsqəl,,,,,
International Telecommunications Union; ITU,ORG,,,,,,,
Iowa,GPE,አዮዋ,ʔəjowa,,,,,
Iran,GPE,,,Iraan,,,,
Iraq,GPE,ኢራቕ,ʔiraqʰ,Iraaq,,,,
Ireland,GPE,,,Irlaandii,,,,
Isaias Afwerki,PER,ኢሳይያስ ኣፈወርቂ; ኢሳያስ ኣፈወርቂ,ʔisajɨjas ʔafəwərɨqi; ʔisajas ʔafəwərqi,,,https://en.wikipedia.org/wiki/Isaias_Afwerki,30001640,
Islamic Jihad,ORG,እስላማዊ ጀሃድ,ʔɨslamawi d͡ʒəhad,,,,,
Islamic State; ISIS,ORG,ዳዒሽ,daʕiʃ,,,,,
Israel,GPE,እስራኤል,ʔɨsɨraʔel,Israa'el,,,294640,
Israeli,GPE,,,,,,294640,
Istanbul,GPE,,,Istaanbul,,,,
Italy,GPE,ልያንን; ኢጣልያ,ʼɨlɨjanɨn; ʔitʼalja,Ixaaliyaa; Biyya Xaaliyaanii,,,,
Itayya,,,,Itayyaa,,,,
Ivory Coast,GPE,,,Ayvorii Koost; Iyvoorikoost; Ayvoorikoost,,,,
Iyasu,,ኢያሱ,,,,,,
Jabaliya,,ጃባሊያ,d͡ʒabalija,,,,,
Jaja,,,,Jaaja,,,,
Jajjabe,,,,Jajjabee,,,,
Jalliyan,,,,Jalliyaan,,,,
Jamaica,GPE,,,Jamaayikaa,,,,
James Baker,PER,ጀምስ ቤከር,d͡ʒəmɨs bekər,,,,,
Jamma,GPE,,,Jammaa,,,,
Japan,GPE,ጃፓን,d͡ʒapan,Jaappaan,,,,
Jarar,,,,,,,,
Jarra,,,,Jaarraa,,,,
Jarso,,,,Jaarso,,,,
Jean Chretien,PER,ዤን ክሬቲን,ʒen kɨretin,,,,,
Jebha,,,,,,https://en.wikipedia.org/wiki/Eritrean_Liberation_Front#Organizations_affiliated_with_the_Eritrean_Liberation_Front,,
Jeldu woreda; Jeldu,GPE,,,,,,,
Jerusalem,GPE,እየሩሳሌም,ʔɨjərusalem,Yerusaalem,,,,
Jido,GPE,,,Jidda,,https://en.wikipedia.org/wiki/Jido,,
Jijiga,GPE,ጅጅጋ,,Jigjiga,,https://en.wikipedia.org/wiki/Jijiga,333795,
Jilanko,,,,,,,,
Jimma Mountains,LOC,,,Gooroo Jimmaa,,,,
Jimma University,ORG,,,Yuunivarsiitii Jimmaa,,,,
Jimma Zone,GPE,,,Godina Jimmaa,,https://en.wikipedia.org/wiki/Jimma_Zone,333766,
Jimma; Jima,GPE,,,Jimma; Jimaan; Jimmam,,https://en.wikipedia.org/wiki/Jimma,333772,
Johannesburg,GPE,,,Johaannisburgii,,,,
John Kerry,PER,,,Joon Keerii,,,,
Jordan,GPE,ጆርዳን,d͡ʒorɨdan,Joordaan,,,,
Joseph Muscat,PER,ጆዘፍ ሙስካት,d͡ʒozəf musɨkat,,,,,
Kachisi,,,,Kaachisii,,,,
Kadir Martu,,,,,,,,
Kafr al-Sheikh,PER,ካፍር ኢል ሼይክህ,kafɨr ʔil ʃejkɨh,,,,,
Kake,,,,Qaaqee,,,,
Kakka,,,,Kaakkaa,,,,
Kamashi,GPE,,,,,https://en.wikipedia.org/wiki/Kamashi_Zone,10303651,
Kamise,,,,Kamisee,,,,
Kampala,,ካምፓላ,,,,,,
Kara Mille,,,,Karaa Millee,,,,
Karachi,GPE,,,Karaachii,,,,
Karra Kore,,,,Kaarra Qoree,,,,
Karsa,,,,Qarsaa,,,,
Kassa Tekleberhan,,,,,,,,
Kazakhstan,GPE,,,Kazaakistaan,,,,
Kebbe,,,,Qebbee,,,,
Keffa,,,,Kafaa,,,,
Keficho Shekicho,,,,,,,,
Kelam Welega Zone; Kelam Wellega Zone; Kelam Wollega Zone,GPE,,,Qeellam Wallaggaa; Godina Qeellam Wallaggaa; Qellem Wallaggaa,,https://en.wikipedia.org/wiki/Kelam_Welega_Zone,NIL,
Kembata Tembaro Zone,GPE,,,,,https://en.wikipedia.org/wiki/Kembata_Tembaro_Zone,,
Kenya,GPE,ኬንያ,kenɨja,Keniyaa;Keeniyaa,,https://en.wikipedia.org/wiki/Kenya,192950,
Keren,GPE,ከረን,kərən,,,"https://en.wikipedia.org/wiki/Keren,_Eritrea",,
Kerransa,,,,Qeerransa,,,,
Kersa,,,,Qarsaa,,"https://en.wikipedia.org/wiki/Kersa,_Hararge",7667940,
Kfar Darom,,ክፈር ዳሮም,kɨfər darom,,,,,
Khan Yunis,PER,ካሃንዩኒስ,kahanɨjunis,,,,,
Khartoum,GPE,ካርቱም,,,,,,
Khoms,,ኹምስ,xumɨs,,,,,
Kilbet Rasu,,,,,,,,
Kiribati,,,,Kiribatii,,,,
Kiros,,ኪሮስ,kiros,,,,,
Kobbo Barento,,,,Qobboo Barentoo,,,,
Kobbo Rayya,,,,Qobboo Raayyaa,,,,
Kobor,,,,Kobor,,,,
Kofale,,,,Kofalee,,,,
Koka,,,,Qooqaa,,,,
Kokossa,,,,Kokossa,,,,
Kolobo,,,,Koloboo,,,,
Kombolcha Guduru,,,,Kombolcha Guduruu,,,,
Kombolcha Nole,,,,Kombolcha Noolee,,,,
Kone,LOC,,,,,https://en.wikipedia.org/wiki/Kone_(volcano),9883913,
Konso,GPE,,,,,https://en.wikipedia.org/wiki/Konso,,
Konta,GPE,,,,,https://en.wikipedia.org/wiki/Konta_special_woreda,,
Korahe Zone,GPE,,,,,https://en.wikipedia.org/wiki/Korahe_Zone,,
Kore,,,,Qoree,,,,
Kotoba,,,,Kotoba,,,,
Kullubbi,,,,Qullubbii,,,,
Kunni,,,,Qundhii,,,,
Kurfa Challe,,,,Kurfaa Callee,,,,
Kuwait,GPE,ኩዌት,kuwet,Kuweet,,,,
Kuyera,,,,Kuyeeraa,,,,
Kyodo,,ክዮዶ,,,,,,
Kyrgyzstan,GPE,,,Kirgizistaan,,,,
Laga Dadhi,,,,Laga Daadhii,,,,
Lagos,GPE,,,Laagos,,,,
Lake Awasa,LOC,,,Laga Awaash,,https://en.wikipedia.org/wiki/Awash_River,343136,
Lake Dadi,LOC,,,Hara Daadhii,,,,
Lake Dambal,LOC,,,Laaqii Dambal,,,,
Lake Dandi,LOC,,,Dabbal dandii,,,,
Lake Maya,LOC,,,Hara Maayaa,,,,
Lake Tana,LOC,,,,,https://en.wikipedia.org/wiki/Lake_Tana,327932,
Lake Turkana,LOC,,,,,https://en.wikipedia.org/wiki/Lake_Turkana,181055,
Lake Wanchi,LOC,,,Calalaqa Wanci,,,,
Laki Dambal,,,,Laaqii Dambal,,,,
Lakshmipura,,ላኪሽሚፑራ,lakiʃmipura,,,,,
Lalo Kile,,,,Laaloo Qilee;  Laaloo Killee,,https://en.wikipedia.org/wiki/Lalo_Kile,,
Langanno,,,,Laangannoo,,,,
Laos,GPE,,,Laa'os,,,,
Larry Birns,,ላሪ ቢርንሥ,lari birnɨs,,,,,
Latvia,GPE,,,Laatbiyaa,,,,
Lebanon,GPE,ሊባኖስ,libanos,Lebaanon,,,,
Lemman,,,,Leemman,,,,
Leenco Lata,,,,Leencoo Lataa,,,,
Lesotho,GPE,,,Lesootoo,,,,
Liben Zone,GPE,,,Liiban,,https://en.wikipedia.org/wiki/Liben_Zone,,
Liberia,GPE,,,Libeeriyaa,,,,
Libya,GPE,ሊብያ,libɨja,Liibiyaa,,https://en.wikipedia.org/wiki/Libya,,
Liechtenstein,GPE,,,Lishtenistaayin,,,,
Limmu Shaye,,,,Limmu Shaayee,,,,
Lisbon,GPE,ሊዝበን,,,,,,
Lithuania,GPE,,,Lituweeniyaa,,,,
Liyu; Somali Region Special Police,ORG,,,,,,,
London,GPE,ለንደን; ሎንዶን; ሎንደን,lənɨdən; london; londən,London,,,,
London School of Economics,ORG,ለንደን ስኩል ኦፍ ኢኮኖሚክስ,ləndən sɨkul ʔof ʔikonomikɨs,,,,,
Los Angeles,GPE,ሎስኣንጀለስ,losɨʔanɨd͡ʒələs,Los Anjeles,,,,
Los Angeles Times,ORG,ሎስ ኣንጀለስ ታይምስ,los ʔand͡ʒələs tajmɨs,,,,,
Luxembourg,GPE,,,Luksamburgii,,,,
Ma'ekel Region; Ma'ekel; Maekel,GPE,ዞባ ማእከል; ማእከል,zoba maʔɨkəl; maʔɨkəl,,,https://en.wikipedia.org/wiki/Central_Region_(Eritrea),,
Maakel Region; Maakel,GPE,ዞባ ማእከል; ማእከል,zoba maʔɨkəl; maʔɨkəl,,,https://en.wikipedia.org/wiki/Central_Region_(Eritrea),,
McCarthy,PER,ማካርቲ,,,,,,
Macedonia,GPE,,,Maasedoniyaa,,,,
Machara,,,,Machaaraa,,,,
Madagascar,GPE,,,Madagaaskaar,,,,
Maddo Gashi,,,,Maddo Gaashii,,,,
Madhya Pradesh,GPE,ማድያ ፕራዴሽ,madja pɨradeʃ,,,,,
Maekelawi,,,,,,,,
Mahmud Abbas,PER,ማሕመድዓባስ,maħməd ʕabas,,,,,
Mai-Habar,,ማይሓባር,majħabar,,,,,
Mai-Dima,,ማይድማ,majdɨma,,,,,
Mai Temenay,PER,ማይ ተመናይ,maj təmənaj,,,,,
Mahatma,PER,ማህታማ,mahɨtama,,,,,
Maine,GPE,ማይኔ,majɨne,,,,,
Maki,,,,Maqii,,,,
Malabo,,,,Malabo,,,,
Malawi,GPE,,,Malaawii,,,,
Malaysia,GPE,,,Maleesiyaa,,,,
Maldives,GPE,,,Maaldibis,,,,
Mali,GPE,,,Maalii,,,,
Malibu,GPE,ማሊቡ,malibu,,,,,
Malka Rafu,,,,Malkaa Raafuu,,,,
Malka Wakkanna,,,,Malkaa Waakkannaa,,,,
Malta,GPE,ማልታ,malɨta,Maaltaa,,,,
Manchester,GPE,ማንቸስተር,mant͡ʃəstər,,,,,
Manchester United,ORG,,,Manchastar Yunaayitid,,,,
Manda Hararo,LOC,,,,,https://en.wikipedia.org/wiki/Manda_Hararo,9883931,
Manda-Inakir,LOC,,,,,https://en.wikipedia.org/wiki/Manda-Inakir,9883932,
Mandi,,,,Mandii,,,,
Mandida,,,,Mandiidaa,,,,
Manna,,,,Maannaa,,,,
Mararo,,,,Mararoo,,,,
Mareb River; Gash River,LOC,,,,,https://en.wikipedia.org/wiki/Mareb_River,,
Mario Vargas Llosa,PER,ማሪዮ ቫርጋስ ልሎሳ,marijo varɨɡas lɨlosa,,,,,
Marsa,,,,Marsaa,,,,
Marsabit,GPE,,,Marsaabit,,https://en.wikipedia.org/wiki/Marsabit,,
Marseilles,GPE,,,Maarsee,,,,
Marshal Islands,GPE,,,Odoolota Maarshaal,,,,
Marti,,,,Martii,,,,
Massawa,GPE,ምጽዋዕ,mɨt͡sʼɨwaʕ,,,https://en.wikipedia.org/wiki/Massawa,330546,
Massawa International Airport,LOC,,,,,https://en.wikipedia.org/wiki/Massawa_International_Airport,7730092,
Massawa; Mitsiwa; Batsi,GPE,,,,,https://en.wikipedia.org/wiki/Massawa,,
Mata Hara,,,,Mata Haaraa,,,,
Matteo Renzi,,ማተዮ ሬንዚ,matəjo renzi,,,,,
Mattu,,,,Mattuu,,,,
Mauritania,GPE,,,Mawurtaaniyaa,,,,
Mauritius,GPE,,,Mawurishees,,,,
Mecca,GPE,,,Makkaa,,,,
Mecha and Tulama Self-Help Association,ORG,,,Waldaa Wal-gargaarsa Maccaa fi Tuulamaa,,https://en.wikipedia.org/wiki/Mecha_and_Tulama_Self-Help_Association,,
Medina,GPE,,,Madiinaa,,,,
Mediterranean Sea,LOC,ማእከላይ ባሕሪ,maʔɨkəlaj baħɨri,Galaana Mediteraaniyaanii; Garba Meditraaniyaa,,,,
Medrek; MEDREK; Forum for Democratic Dialogue in Ethiopia,ORG,,,Medrek,,https://en.wikipedia.org/wiki/Medrek,,
Meta,,,,Meettaa,,,,
Meta Robi,,,,Meettaa Roobii,,,,
Megga,,,,Meeggaa,,,,
Melaku Fenta,,,,Melakuu Faantaa,,,,
Meles Zenawi,,መለስ ዜናዊ; መለስ ዚናዊ,mələs zenawi,Meles Zeenaawwii; Mallas Zeenaawwii,,,,
Meles Zenawi Asres,,መለስ ዜናዊ አስረስ,mələs zenawi ʔəsɨrəsɨ,,,,,
Mendefera; Ado Ugri,GPE,መንደፈራ,mənɨdəfəra,,,https://en.wikipedia.org/wiki/Mendefera,,
Mendi,GPE,,,,,"https://en.wikipedia.org/wiki/Mendi,_Ethiopia",,
Menelik,PER,,,Minilik,,https://en.wikipedia.org/wiki/Menelik_II,,
Mengistu Haile Mariam; Mengistu Hailemariam,PER,መንግስቱ ኃይለ ማርያም; ኃይለ ማርያም,,Mengistu Hailemariam; ,,,71000164,
Merebleke,,,,,,,,
Mersen Chala,,,,,,,,
Meta woreda,GPE,,,Meettaa,,https://en.wikipedia.org/wiki/Meta_(woreda),6282838,
Metekel,GPE,,,,,https://en.wikipedia.org/wiki/Metekel_Zone,7874607,
Metta Gafarsa,,,,Meettaa Gafarsaa,,,,
Metti,,,,Meexxii,,,,
Mexico,,,,Meeksikoo,,,,
Mezhenger,GPE,,,,,https://en.wikipedia.org/wiki/Mezhenger_Zone,,
Michata,,,,Miiccataa,,,,
Michelle Obama,PER,ሚሸል ኦባማ,,,,,,
Micronesia,LOC,,,Mikroneeisyaa,,,,
Midakegn,,,,Midaa Qanyi,,,,
Middle East,LOC,ማእከላይ ምብራቕ,maʔɨkəlaj mɨbɨraqʰ,,,,,
Mieso,,,,,,https://en.wikipedia.org/wiki/Mieso,,
Miesso,,,,Mi'eesso,,,,
Milan,GPE,ሚላኖ,milano,Milaanoo,,,,
Ministry of Federal Affairs,ORG,,,,,,,
Ministry of Transport and Communications,ORG,,,,,https://en.wikipedia.org/wiki/Ministry_of_Transport_and_Communications_(Ethiopia),,
Minneapolis,GPE,,,,,,5037649,
Minnesota,GPE,ሚኒሦታ,minisota,Minnesootaa; Minisootaa,,,5037779,
Mississippi,GPE,ሚሲሲፒ,misisipi,,,,,
Missouri,GPE,ሚዙሪ,mizuri,,,,,
Mitiku Kassa,PER,ሚቲኩ ካሳ,,Mitikkuu Kaasaa; Mitikuu Kaassaa,,,71000133,
Mogadishu,GPE,ሞቓዲሾ,moqʰadiʃo,Moqaadishoo,,https://en.wikipedia.org/wiki/Mogadishu,,
Mogor,,,,Mogor,,,,
Mohandas Gandhi,PER,ሞሀንዳሥ ገንዲ,mohənɨdas ɡənɨdi,,,,,
Mojo,,,,Mojo,,,,
Moldova,GPE,,,Moldoobaa,,,,
Molki,,,,,,https://en.wikipedia.org/wiki/Molki,,
Mombasa,GPE,,,Mombaasaa,,,,
Monaco,GPE,,,Monaakoo,,,,
Mongolia,GPE,,,Mongooliyaa,,,,
Mongomo,,,,Mongoma,,,,
Montreal,GPE,,,Montireel,,,,
Mormor,,,,Mormor,,,,
Morocco,GPE,ሞሮኮ,moroko,Morokko; Morokoo,,,,
Mount Alayta,LOC,,,,,https://en.wikipedia.org/wiki/Mount_Alayta,326796,
Mount Dama Ali,LOC,,,,,https://en.wikipedia.org/wiki/Mount_Dama_Ali,339484,
Moyale,,,,Mooyalee; Moyyaalee,,,,
Mozambique,GPE,,,Moozaambik; Mozaambik,,,,
Mt. Abella,LOC,,,Gaara Abeellaa,,,,
Mt. Adi,LOC,,,Gaara Adii,,,,
Mt. Asabot,LOC,,,Agaar Asaboot,,,,
Mt. Asha,LOC,,,Gaara Ashaa,,,,
Mt. Batu,LOC,,,Gaara Baatuu,,,,
Mt. Bora,LOC,,,Gaara Booraa,,,,
Mt. Chilalo,LOC,,,Gaara Cilaaloo,,,,
Mt. Chukkala,LOC,,,Tulluu Cuqqaalaa,,,,
Mt. Dalota,LOC,,,Tulluu Daalotaa,,,,
Mt. Dannaba,LOC,,,Gaara Dannabaa,,,,
Mt. Dimtu,LOC,,,Tullu Diimtuu,,,,
Mt. Erer,LOC,,,Gaara Erer,,,,
Mt. Fantalle,LOC,,,Gaara Fantaallee,,,,
Mt. Furi,LOC,,,Tulluu Furii,,,,
Mt. Gorfo,LOC,,,Gaara Gorfoo,,,,
Mt. Gorte,LOC,,,Gaara Gorxee,,,,
Mt. Hatabella,LOC,,,Gaara Haxabeellaa,,,,
Mt. Hochocha,LOC,,,Gaara Hococaa,,,,
Mt. Jibat,LOC,,,Tulluu Jibaat,,,,
Mt. Jorgo,LOC,,,Tulluu Joorgoo,,,,
Mt. Kunduddo,LOC,,,Gaara Qunduddoo,,,,
Mt. Mao,LOC,,,Gaara Maa'oo,,,,
Mt. Mara,LOC,,,Tulluu Maraa,,,,
Mt. Mullata,LOC,,,Gaara Muldhataa,,,,
Mt. Salale,LOC,,,Gaara Salaalee,,,,
Mt. Walal,LOC,,,Tulluu Walal,,,,
Mubarak,PER,ሙባረክ,mubarək,,,,,
Muggi,,,,Muggii,,,,
Mulatu Teshome; Mulatu Teshome Wirtu,PER,ሙላቱ ተሾመ,,,,https://en.wikipedia.org/wiki/Mulatu_Teshome,30001678,
Munich,GPE,,,Muniik,,,,
Musa Raba,,,,,,,,
Nagalle Arsi,,,,Nageellee Arsii,,,,
Nageellee Metama,,,,Nageellee Meexamaa,,,,
Nagelle Borana,,,,Nageellee Booranaa,,,,
Nairobi,GPE,,,,,https://en.wikipedia.org/wiki/Nairobi,,
Naizgi Kiflu,,ናይዝጊ ክፍሉ,,,,,,
Najjo,,,,Najjoo,,,,
Nakamte,,,,Naqamte;Naqamtee,,,,
Nakfa,GPE,ናቕፋ,naqʰɨfa,,,"https://en.wikipedia.org/wiki/Nakfa,_Eritrea",,
Namagna,,,,Amanya,,,,
Namib,LOC,ናሚብ,namib,,,,,
Namibia,GPE,ናሚቢያ,namibija,Namibiyaa,,,3355338,
Narendra Modi,PER,ኔሪንዳ ሙዲ,,,,,,
National Alliance of Eritrea,ORG,ሃገራዊ ምሕዝነት ኤርትራ,haɡərawi mɨħɨzɨnət ʔerɨtɨra,,,,,
National Disaster Prevention and Preparedness Committee,ORG,,,,,,,
National Guard,ORG,ናሽናል ጋርድ,naʃnal ɡarɨd,,,,,
National Public Radio,ORG,ናሽናል ፓብሊክ ሬድዮ,naʃnal pablik redjo,,,,,
National Rifle Association,ORG,ሃገራዊ ማሕበር ጠበንጃ,haɡərawi maħbər tʼəbənd͡ʒa,,,,,
National Union of Eritrean Youth and Students; NUEYS; Youth Association,ORG,ሃ . ማ . መ . ተ . ኤ .,ha . ma . mə . tə . ʔe .,,,https://en.wikipedia.org/wiki/National_Union_of_Eritrean_Youth_and_Students,,
Nauru,,,,Nawuruu,,,,
NBC Television,ORG,ኤን ቢሲ ቴሌቪቭን,ʔen bisi televivɨn,,,,,
Negele Arsi,,,,Arsii-Nageellee,,,,
Nekemte; Nakamti; Nek’emtē; Nek'emte,GPE,,,Naqamte; Naqamtee,,https://en.wikipedia.org/wiki/Nekemte,330118,
Nepal,GPE,,,Neppaal,,,1282988,
Netherlands,GPE,ሆላንድን,holanɨdɨn,Neezarlaandii,,,,
Netzarim,,ናዛሪም,nazarim,,,,,
Nevada,GPE,ኔቭዳ,nevɨda,,,,,
Newari,,ነዋሪ,,,,,,
New Delhi,GPE,ኒው ደልሂ,niw dəlɨhi,,,,,
New York,GPE,ኒውዮርክ; ኒው ዮርክ,niwjork; niw jorɨk,Niwu Yoorki,,,5128581,
New Zealand,GPE,,,Niw Zilaadii,,,,
Newcastle,GPE,ኒውካስል,niwɨkasɨl,,,,,
Nicaragua,GPE,ኒካራጓ,nikaraɡʷa,Nikaraaguwaa,,,,
Niger,GPE,,,Nijeer,,,,
Nigeria,GPE,ናይጀርያ,najɨd͡ʒərɨja,Naayijeeriyaa; Naajeriyaa,,,2328926,
No Peace without Justice,ORG,ብዘይ ፍትሒ ሰላም የለን,bɨzəj fɨtɨħi səlam jələn,,,,,
Nogob Zone,GPE,,,,,https://en.wikipedia.org/wiki/Nogob_Zone,,
Nono,,,,Noonoo,,"https://en.wikipedia.org/wiki/Nono,_Shewa",,
North America,LOC,ሰሜን ኣሜሪካን,səmen ʔamerikan,Ameerikaa Kaabaa,,,,
North Gondar Zone,GPE,,,,,https://en.wikipedia.org/wiki/North_Gondar_Zone,7670726,
North Korea,GPE,,,Koriyaa Kaabaa,,,,
North Omo Zone,GPE,,,,,https://en.wikipedia.org/wiki/North_Omo_Zone,,
North Sea,LOC,,,Garba Boroo,,,,
North Shewa Zone; North Shawa,GPE,,,Shawaa Kaabaa,,https://en.wikipedia.org/wiki/North_Shewa_Zone_(Oromia),7670714,
North Wollo Zone,GPE,,,,,https://en.wikipedia.org/wiki/North_Wollo_Zone,7869862,
Northern Red Sea Region,GPE,ዞባ ሰሜናዊ ቀይሕ ባሕሪ,zoba səmenawi qəjɨħ baħɨri,,,https://en.wikipedia.org/wiki/Northern_Red_Sea_Region,,
Norway,GPE,,,Noorwee,,,,
Nuer,PER,,,,,,,
Nuer people,PER,,,,,https://en.wikipedia.org/wiki/Nuer_people,,
Nyamapanda,,,,Nyampaandaa,,,,
Obbi,,,,Obbi,,,,
Oborra,,,,Oborraa,,,,
Office of Gas and Electricity Markets; Ofgem,ORG,,,Oborso,,,,
Office of Gas and Electricity Markets,ORG,ዕዳጋ ጋዝን ኤሌክትሪክን,ʕɨdaɡa ɡazɨn ʔelektɨrikɨn,,,,,
Ogaden,GPE,ኦጋዴን,ʔoɡaden,,,https://en.wikipedia.org/wiki/Ogaden,6311214,
Ogaden National Liberation Front,ORG,ግንባር ሓርነት ኦጋዴን,,,,https://en.wikipedia.org/wiki/Ogaden_National_Liberation_Front,,
Ogolcho,,,,Ogolchoo,,,,
Olonkomi,,,,Olonkomii,,,,
Oman,GPE,,,Omaan,,,,
Omo River,LOC,,,,,https://en.wikipedia.org/wiki/Omo_River,8692910,
Oranjemund,,ኦራንጀሙንድ,ʔorand͡ʒəmunɨd,,,,,
Oromia Media Network; OMN,ORG,መራኸቢ ብዙሓን ኦሮሞ,,OMN; Oromiyaa Miidiyaa Neetworkii; Oromiyaa Midiyaa Neetworkii,,,71000051,
Oromia Region; Oromiya Region; Oromia Regional State; Oromia,GPE,ኦሮምያ,,Oromiyaa,,https://en.wikipedia.org/wiki/Oromia_Region,444185,
Oromo Democratic Front; ODF,ORG,ዲሞክራሲያዊ ምንቅስቃስ ኦሮሞ; ዲሞክራሲያዊ ግንባር ኦሮሞ,,Adda Dimookraatawaa Oromoo; ADO; Adda Dimookiraatawa Oromoo; Adda Dimookiraatawaa Oromoo,,,,
Oromo Federalist Congress; OFC,ORG,ፈደራላዊ ጉባኤ ኦሮሞ,,Kongiressii Federaalistii Oromoo; Koongirasii Federaalistii Oromoo; KFO; Kongresa Federaalawaa Oromoo,,,71000040,
Oromo Liberation Army; OLA,ORG,ህዝባዊ ሓርነት ኦሮሞ; ሰራዊት ሓርነት ኦሮሞ,,Waraanna Bilisummaa Oromoo; WBO,,,,
Oromo Liberation Front; OLF,ORG,ሓርነታዊ ምንቅስቃስሖሮሞ,,Adda Bilisummaa Oromoo; ABO; Addi Bilisummaa Oromoo; ,,https://en.wikipedia.org/wiki/Oromo_Liberation_Front,71000083,
Oromo People's Democratic Organization; OPDO,ORG,ህዝባዊ  ዲሞክራሲያዊ ግንባር ኦሮሞ,,Dhaabbata Dimookraatawaa Ummata Oromoo; Dhaabbata Dimokraasummaa Uummata Oromoo; DHDUO; DH.D.U.O,,https://en.wikipedia.org/wiki/Oromo_Peoples%27_Democratic_Organization,71000044,
Osaka,GPE,ኣሳካ,ʔasaka,Osaakaa,,,,
Oslo,GPE,ኦስሎ,ʔosɨlo,,,,,
Osman Mohammed Omar,PER,,,,,,,
Pace University School of Law,ORG,ፔስ ዩኒቨርስቲ ቤት ትምህርት ሕጊ,pes junivərɨsɨti bet tɨmɨhɨrɨt ħɨɡi,,,,,
Pacific Ocean,LOC,ሰላማዊ ውቅያኖስ,səlamawi wɨkʼɨjanosɨ,Garba Paasifiik,,https://en.wikipedia.org/wiki/Pacific_Ocean,2363254,
Pakistan,GPE,ፓኪሥታን,pakisɨtan,Paakistaan,,,,
Palau,GPE,,,Palawuu,,,,
Palestine,GPE,,,Filisxeem,,,,
Palestinian Authority,ORG,ሰበ ስልጣን ፍልስጤም,səbə sɨltʼan fɨlsɨtʼem,,,,,
Palestinian people,PER,ፍሊስጤማዊያን,fɨlisɨtʼemawijan,,,,,
Panama,GPE,ፓናማ,panama,Panamaa,,,,
Paolo Gentiloni,PER,ፓውሎ ጀንቲሎኒ,pawlo d͡ʒəntiloni,,,,,
Papua New Guinea,GPE,,,Pappawaa Niw giinii,,,,
Paraguay,GPE,,,Paraguwaay,,,,
Paris,GPE,ፓሪስ,paris,,,,,
PDFLE; PDFL,ORG,ህደግሓኤ,hɨdəɡɨħaʔe,,,,,
Pennsylvania,GPE,ፔንስልቫንያ,pensɨlvanja,,,,6254927,
Pentagon,ORG,ፔንታጎን,pentaɡon,,,,,
PAFD,ORG,,,TUBD,,,,
People's Alliance for Freedom and Democracy,ORG,,,Tumsa Ummatootaa Bilisummaa fi Demookraasii,,,,
People's Democratic Republic of Ethiopia,GPE,,,,,https://en.wikipedia.org/wiki/People%27s_Democratic_Republic_of_Ethiopia,,
People's Front,ORG,ህ . ግ .,h . ɡ .,,,,,
Peru,GPE,ፔሩ,peru,,,,,
PFDJ; People's Front for Democracy and Justice,ORG,ህግደፍ,hɨɡɨdəf,,,,,
Philippines,GPE,ፊሊፒንስ,filipinɨs,Filippiin,,,1694008,
Poland,GPE,,,Polandii,,,,
Portugal,GPE,,,Portugaal,,,,
Pramod Mahajan,PER,ፕራሞድ ማሃጃን,pɨramod mahad͡ʒan,,,,,
Priti Patel,PER,ፕሪቲ ፓተል,pɨriti patəl,,,,,
Procter & Gamble India Ltd.,ORG,ፕሮክቴርን ጋምበል ኢንዲያ ሊትድ,pɨrokɨterɨn ɡamɨbəl ʔinɨdija litɨd,,,,,
Provisional Military Administrative Council,ORG,,,Koree Bulchaa Waraana Kan Yeroo,,,,
Punjab,GPE,ፑንጃብ,pund͡ʒab,,,,,
Puntland,GPE,,,,,https://en.wikipedia.org/wiki/Puntland,8220543,
Qatar,GPE,,,Kataar,,,,
Qemant people,PER,,,Qimaant,,https://en.wikipedia.org/wiki/Qemant_people,,
Quezon City,GPE,ከተማ ኩዞን,kətəma kuzon,,,,,
Rafah,GPE,ራፋሕ,rafaħ,,,,,
Rahayta; Rahaita,GPE,,,,,https://en.wikipedia.org/wiki/Rahayta,,
Rajasthan,,ራጃስትሃን,rad͡ʒastɨhan,,,,,
Ramadan Osman Awliyai,PER,,,,,,,
Ramallah,GPE,ራማላህ,ramalah,,,,,
Rammis,,,,Raammis,,,,
Ras Dejen; Ras Dashen; Ras Dashan,LOC,,,Raash Daashin,,https://en.wikipedia.org/wiki/Ras_Dashen,329710,
Red Crescent,ORG,ቀይሕ ወርሒ,qəjɨħ wərɨħi,,,https://en.wikipedia.org/wiki/International_Red_Cross_and_Red_Crescent_Movement,,
Red Cross,ORG,ቀይሕ መስቀል,qəjɨħ məsɨqəl,,,https://en.wikipedia.org/wiki/International_Red_Cross_and_Red_Crescent_Movement,,
Red Sea,LOC,,,Galaana Diimaa; Garba Diimaa,,https://en.wikipedia.org/wiki/Red_Sea,102358,
Rejji,,,,Reejjii,,,,
Richland,GPE,ሪችላንድ,,,,,,
Rift Valley University,ORG,,,,,https://en.wikipedia.org/wiki/Rift_Valley_University_College,,
Rio,GPE,ሪሆ,,Riyoo,,,3451189,
Rio de Janeiro,GPE,ሪሆ ቴ ተኔሂሮ,,Riiyoo Di Jeneroo,,https://en.wikipedia.org/wiki/Rio_de_Janeiro,3451189,
Robe,GPE,,,,,https://en.wikipedia.org/wiki/Robe_(woreda),329608,
Robe Arsi,,,,Roobe Arsii,,,,
Robe Bale,,,,roobe Baalee,,,,
Robert Dole,PER,ሮበርት ደል,robərɨt dəl,,,,,
Roger Middleton,PER,ሮጀር ሚድልተን,,,,,,
Rogge Ammayya,PER,,,Roggee Ammayyaa,,,,
Romania,GPE,,,Rumaaniyaa,,,,
Rosa Parks,PER,ሮዛ ፓርክስ,roza parɨkɨs,,,,,
Rotterdam,GPE,ሮተርዳም,rotərɨdam,Roterdaam,,,,
Russia,GPE,ሩስያዊያ; ራስያ; ሩሲያን,rusɨja; rasja; rusijan,Rusiyaa; Raashiyaa,,,,
Rwanda,GPE, ሩዋንዳ; ርዋንዳ; ሩዋንዳን,ruwanda; rɨwanda,Ruwaandaa,,,,
Sabratha,,ሳብራታ,sabɨrata,,,,,
Sacramento,GPE,ሳክራመንቶ,,,,,,
Saddam Hussein,PER,ሳዳም ሁሴን,sadam husen,,,https://en.wikipedia.org/wiki/Saddam_Hussein,,
Sagan,,,,Saagan,,,,
Sagm,,ሳግም,saɡɨm,,,,,
Sagm,,ሳግምን,saɡɨmɨn,,,,,
Sagure,,,,Saaguee,,,,
Sahara,LOC,ሳሃራ,sahara,,,,,
Sahel,LOC,,,,,https://en.wikipedia.org/wiki/Sahel_(Eritrea),,
Sahiwal,,ሳሂዋል,sahiwal,,,,,
Saint Kitts and Nevis,GPE,,,Seenti Kitii fi Nebis,,,,
Saint Lucia,GPE,,,Seenti Luchiyaa,,,,
Saint Vincent and Grenadines,GPE,,,Seenti Binchentii fi Girenadiin,,,,
Sakka,,,,Saqqaa,,,,
Sakkata,,,,Saaqqata,,,,
Saku,,,,Saaku,,,,
Salem Bus Line,ORG,,,,,,,
Sambate,,,,Sambatee,,,,
Garba Meditraaniyaa,GPE,,,Garba Jiddugaleessa,,,,
Samoa,GPE,,,Samowaa,,,,
San Francisco,GPE,ሳንፍራንሲስኮ,sanfɨransisko,,,,,
San Jose,GPE,ሣንጆሴ,sand͡ʒose,,,,,
San Marino,GPE,,,Saan Mariinoo,,,,
Sana'a,GPE,የመን,sənɨʕa,,,,,
Sanakle,,,,,,,,
Sandafa,,,,Sandaafa,,,,
Sandinistas,PER,ሳንዲስታታት,sanɨdisɨtatat,,,,,
Sao Tome and Principe,GPE,,,Sawo Toomee fi Pirinsippii,,,,
Sarbo,,,,Sarboo,,,,
Sasigga,,,,Saasiggaa,,,,
Saud al-Faisal,PER,ሳውድ ኣል - ፋይሳል,sawɨd ʔal - fajsal,,,,,
Saudi Arabia,GPE,ሳውዲ ዓረቢያ; ሰዑዲ ዓረብ,sawɨdi ʕarəbija,Saudi Arabiya; Sa'uudi Arabiya; Suud Arabiyaa; Sawudii Arabiyaa,,https://en.wikipedia.org/wiki/Saudi_Arabia,102358,
Sawa,,ሳዋ,sawa,,,,,
Sayyo,,,,sayyoo,,,,
Seattle,GPE,ስያትል,sɨjatɨl,,,,,
Sebderat,,,,,,,,
Seden Sodo,GPE,,,Sadan Sooddoo,,https://en.wikipedia.org/wiki/Seden_Sodo,10375733,
Semhar,LOC,,,,,https://en.wikipedia.org/wiki/Semhar,,
Semayawi Party,ORG,,,Semaayaawii,,https://en.wikipedia.org/wiki/Semayawi_Party,,
Senafe,GPE,ሰንዓፈ,sənɨʕafə,,,https://en.wikipedia.org/wiki/Senafe,,
Senegal,,,,Sengaal; Senegaal,,,,
Senhit,GPE,,,,,https://en.wikipedia.org/wiki/Senhit,,
Serae; Seraye,GPE,ሰራየ,sərajə,,,https://en.wikipedia.org/wiki/Serae,,
Seraro woreda,GPE,,,,,https://en.wikipedia.org/wiki/Seraro,8643794,
Serbia,GPE,ሰርቢያ,sərɨbija,,,,,
Serbia and Montenegro,GPE,,,Sarbiyaa fi Montenegroo,,,,
Serofta,,,,Seeroftaa,,,,
Seru,GPE,,,Seeruu,,https://en.wikipedia.org/wiki/Seru,7029359,
Seychelles,GPE,,,Sechiliis,,,,
Shabbe,,,,Shabbee,,,,
Shaebia,,,,,,,,
Shaggar,,,,Shaggar,,,,
Shaki,,,,Shakii,,,,
Shakiso,GPE,,,,,https://en.wikipedia.org/wiki/Shakiso,328715,
Shakkiso,,,,Shaakkisoo,,,,
Shala,,,,Shaalaa,,,,
Shambu,,,,Shaambu,,,,
Shanan,,,,Shanan,,,,
Shanghai,GPE,,,Shaangaay,,,,
Shano,,,,Shano,,,,
Shashamanne,,,,Shaashamannee,,,,
Shashemene; Shashamane,GPE,,,Shashemane; Shaashemannee,,https://en.wikipedia.org/wiki/Shashamane,328688,
Shayya,,,,Shaayyaa,,,,
Sheka,,,,,,,,
Shimon Peres,PER,ሽምን ፔሬዝ,ʃɨmɨn perez,,,,,
Shinine,,,,,,,,
Shira,,ከተማ ሽረ,,,,,,
Shirbo,,,,Shirboo,,,,
Shire Arsi,,,,Shiree Arsii,,,,
Shoa: Shewa,,,,Shawaa,,https://en.wikipedia.org/wiki/Shewa,,
Shoboka,,,,Shoboka,,,,
Sibu Sire,,,,Siibuu Siree,,,,
Sicily,GPE,ሲቺልያ,sit͡ʃilɨja,,,,,
Sidama,,ሲዳማ,,,,https://en.wikipedia.org/wiki/Sidama_people,,
Sidama Zone,,,,Sidaamoo; Sidaamaa,,https://en.wikipedia.org/wiki/Sidama_Zone,8299784,
Sidhpur,,ሲድህፑር,sidɨhɨpur,,,,,
Sidon,,ሲዶን,sidon,,,,,
Sierra Leone,GPE,,,Seraliyoon,,,,
Silt'e Zone; Siltie Zone,,,,Silxee,,https://en.wikipedia.org/wiki/Silt%27e_Zone,7670728,
Silvan Shalom,,ሲልቫን ሻሎም,silvan ʃalom,,,,,
Sinai Desert,LOC,ሲናይ,,,,,,
Singapore,GPE,,,Singapoor,,,,
Singapore Airlines,ORG,ሲንጋፐር ኣየር,,,,,,
Sioux City,GPE,ከተማ ሲኦክስ,kətəma siʔokɨs,,,,,
Sire Arsi,,,,Siree Arsii,,,,
Sire Robi,,,,Siree Roobii,,,,
Sitti Zone,GPE,,,,,https://en.wikipedia.org/wiki/Sitti_Zone,,
Sky Bus Transport System,ORG,,,,,https://en.wikipedia.org/wiki/Sky_Bus_Transport_System,,
Slovakia,GPE,,,Islobaakiyaa; Islobeeniyaa,,,,
Sodare,,,,Soodaree,,,,
Sodoma,,,,,,,,
Sokorru,,,,Sokorruu,,,,
Solomo,,,,Soolomo,,,,
Solomon Islands,GPE,,,Odoolota Solomon,,,,
Somali,GPE,ሶማል,,Somaalee,,,51537,
Somali Region; Somali Regional State,GPE,,,,,https://en.wikipedia.org/wiki/Somali_Region,444186,
Somalia,GPE,ሶማሊያ; ሶማል,somalija; somal,Somaaliyaa,,https://en.wikipedia.org/wiki/Somalia,51537,
Somaliland,GPE,,,,,https://en.wikipedia.org/wiki/Somaliland,328195,
Sor,,,,Soor,,,,
South Africa,GPE,ደቡባዊ አፍሪካ; ደቡብ ኣፍሪቃ,dəbubawi ʔəfrika; dəbub ʔafriqa,Afrikaa Kibbaa; Aafrikaa Kibbaa,,,,
South America,LOC,,,Ameerikaa Kibbaa,,,,
South Gondar Zone,GPE,,,,,https://en.wikipedia.org/wiki/South_Gondar_Zone,7869861,
South Korea,GPE,,,Koriyaa Kibbaa,,,,
South Omo Zone,GPE,,,,,https://en.wikipedia.org/wiki/South_Omo_Zone,10377041,
South Sudan,GPE,ደቡብ ሱዳን,,Sudaan Kibbaa,,https://en.wikipedia.org/wiki/South_Sudan,7909807,
South Wollo Zone,GPE,,,,,https://en.wikipedia.org/wiki/South_Wollo_Zone,7732961,
Southern Ethiopian People's Democratic Movement,ORG,,,,,https://en.wikipedia.org/wiki/Southern_Ethiopian_People%27s_Democratic_Movement,NIL,
"Southern Nations, Nationalities, and Peoples' Region; SSNPR",GPE,,,Naannoo Sabaa fi Sab-lammoota Ummattoota Kibbaa,,"https://en.wikipedia.org/wiki/Southern_Nations,_Nationalities,_and_Peoples%27_Region",444188,
Southern Red Sea Region,GPE,ዞባ ደቡባዊ ቀይሕ ባሕሪ,zoba dəbubawi qəjɨħ baħɨri,,,https://en.wikipedia.org/wiki/Southern_Red_Sea_Region,,
Southwest Shewa Zone,GPE,,,Shawaa Kibba-lixaa; Shawaa Kill Lixaa,,https://en.wikipedia.org/wiki/Southwest_Shewa_Zone,7670717,
Soyyama,,,,Sooyyama,,,,
Spain,GPE,ስጳኛን; ስጳኛን; ስጳኝ,sɨpʼaɲa; sɨpʼaɲ,Ispaanyaa,,,,
Specially Designated Global Terror List; SDTG,,,,,,,,
Sri Lanka,GPE,,,Siri Laankaa,,,,
St. Petersburg,GPE,,,Seenti Peterburgii,,,,
Standard Minimum Rules for the Treatment of Prisoners; the Mandela Rules,,,,,,,,
Stockholm,GPE,ስቶክሆልም,,,,,,
Strait of Sicily,LOC,መጻብቦ ሲቺልያ,mət͡sʼabɨbo sit͡ʃilɨja,,,,,
Strasbourg,GPE,ስትራስቦርግ,sɨtɨrasɨborɨɡ,,,,,
Strasbourg,GPE,,,Istiraasburgii,,,,
Sub-Saharan Africa,LOC,ትሕቲ ሳሃራ ኣፍሪቃ,,,,,,
Sudan,GPE,ሱዳን,,Sudaan,,https://en.wikipedia.org/wiki/Sudan,366755,
Sude,,,,,,https://en.wikipedia.org/wiki/Sude,,
Sululta,,,,Sululta,,,,
Suriname,GPE,,,Surinaam,,,,
Swaiziland,GPE,,,Iswaazilaandii,,,,
Sweden,GPE,ስዊድን,sɨwidɨn,Iswiidin,,,,
Switzerland,GPE,,,Biyya Iswiisii,,,,
Sydney,GPE,,,Sidinee,,,,
Syria,GPE,ሶርያ,sorja,Sooriyaa,,,,
Tafki,,,,Tafkii,,,,
Tahrir Square,LOC,ታህሪር ስክዌር,tahrir sɨkwer,,,,,
Taiwan,GPE,,,Taayiwaan,,,,
Taji,,,,Tajii,,,,
Tajikistan,GPE,,,Tajikistaan,,,,
Tajoura,,ታጁራ,tad͡ʒura,,,,,
Taltalle,,,,Taltallee,,,,
Tanta,,ታንታ,tanta,,,,,
Tanzania,GPE,ታንዛንያ,tanzanja,Tanzaaniyaa,,,,
Taraloch,,,,,,,,
Tedros Adano,PER,,,Teewdroos Adaanoom; Tewdroos Adaanom,https://en.wikipedia.org/wiki/Tedros_Adhanom,NIL,,
Tedros Adhanom,PER,ቴልአቪቭ,telʔəviv,,,,,
Telstar 12,ORG,,,,,https://en.wikipedia.org/wiki/Telstar_12,,
Tennessee,GPE,ቴነሲ,tenəsi,,,,,
Tepi,,ቴፒ,,,,,,
Teseney; Tessenei; Tesseney,,ተሰነይ ,təsənəj,,,https://en.wikipedia.org/wiki/Teseney,,
Texas,GPE,ቴክሳስ,teksas,,,,,
Thailand,GPE,,,Taayilaandii,,,,
The Hague,GPE,,,Haag,,,,
Theresa May,PER,ቴሬዛ መይ,tereza məj,,,,,
Thomas de Maiziere,PER,ቶማስ ደ መይዚራ,tomas də məjɨzira,,,,,
Tibbe,,,,Tibbee,,,,
Tibet,GPE,ትቤት,tɨbet,,,,,
Tigray Region; Tigray,GPE,ትግራይ; ትግራይ ክልል,,Tigraay; Tigiraay,,https://en.wikipedia.org/wiki/Tigray_Region,444187,
Tigrayan People's Liberation Front; TPLF,ORG,ህዝባዊ ምንቅስቃስ ሓርነት ትግራይ,,Adda Bilisummaa Uummata Tigray,,https://en.wikipedia.org/wiki/Tigrayan_People%27s_Liberation_Front,71000046,
Tigray Peoples Democratic Movement; TPDM; DMHT; Demhit; DMHIT,ORG,,,,,https://en.wikipedia.org/wiki/Tigrayan_People%27s_Liberation_Front,,
Tigrayans,PER,ተጋሩ,,Tigraay; Tigiree,,https://en.wikipedia.org/wiki/Tigrayans,,
Timbuktu,GPE,,,Tumbuktuu,,,,
Tiyo,,,,,,https://en.wikipedia.org/wiki/Tiyo,,
Tiyya,,,,Xiyyaa,,,,
Tobba,,,,Toobbaa,,,,
Togo,GPE,,,Toogoo,,,,
Toke Kutaye,,,,Kuutaayee; Tokkee Kuutaayee,,,10626976,
Tokke Irressa,,,,Tokkee Irreessaa,,,,
Tokyo,GPE,ቶኪዮ,,,,,,
Tole,,,,Tole,,,,
Tolera Adaba,,,,Toleeraa Adabaa,,,,
Tonga,GPE,,,Tongaa,,,,
Tony Blair,PER,ቶኒ ብሌየር,toni bɨlejər,,,,,
Toronto,GPE,ቶሮንቶ,toronto,Torontoo,,,,
Trinidad and Tobago,GPE,,,Tirindaadii fi Tobaagoo,,,,
Tripoli,GPE,ትሪፖሊ,tɨripoli,,,,,
Tripuras,GPE,ትሪፑራስ,tɨripuras,,,,,
Tsegereda Woldegergish; Tsigereda Woldegiorgis,PER,,,,,,,
Tullu Milki,,,,Tulluu Milkii,,,,
Tultuli,,ቱልቱሊ,tultuli,,,,,
Tulu Bolo,,,,Tullu Boolloo,,https://en.wikipedia.org/wiki/Tulu_Bolo,,
Tunisia,GPE,ቱኒዢያ ,,Tuniisiyaa,,https://en.wikipedia.org/wiki/Tunisia,2464461,
Tunisia,GPE,,,Tuniisiyaa,,,,
Turkey,GPE,ቱርኪን,turɨkin,,,,,
Turkey,GPE,,,Biyya Turkii,,,,
Turkmenistan,GPE,,,Turkemenistaan,,,,
Tuvalu,GPE,,,Tabuluu,,,,
Ubel,,ዑበል,ʕubəl,,,,,
Uganda,GPE,ኡጋንዳ,ʔuɡanɨda,Yugaandaa; Ugaandaa,,,,
Ukraine,GPE,,,Ukraayin,,,,
UN Basic Principles on the Use of Force and Firearms by Law Enforcement Officials,,,,,,,,
UN Committee on the Rights of the Child,ORG,,,,,,,
UN Human Rights Committee,ORG,,,,,https://en.wikipedia.org/wiki/United_Nations_Human_Rights_Committee,,
UN Office for the Coordination of Humanitarian Affairs; OCHA; UN OCHA,ORG,ቤት-ጽሕፈት ናይ ሕቡኻት ሃገራት ንምውህሃድ ሰብኣዊ ጉዳያት,,OCHA,,,71000029,
UN Special Rapporteur,ORG,,,,,,,
UNICEF; United Nations Children's Fund,ORG,"ዩኒይሰፍ, ማሕበር ቆልዑ ሕቡራት ሃገራት  ",junisef,UNICEF; Dhaabbata Mootummoota Gamtoomanii,,https://en.wikipedia.org/wiki/UNICEF,20000195,
United Airlines,ORG,ዩናይትድ ኤርላይንስ,junajɨtɨd ʔerɨlajɨnɨs,,,,,
United Arab Emirates,GPE,,,Tokkummaa Imiroota Arabaa,,,,
United Kingdom,GPE,,,Biritaaniyaa,,,,
United Kingdom; UK,GPE,መንግስቲ እንግሊዝ,mənɨɡɨsɨti ʔɨnɨɡɨliz,Yunaayitid Kingidem,,https://en.wikipedia.org/wiki/United_Kingdom,2635167,
United Liberation Forces of Oromia,ORG,,,Tokkummaa Humnoota Bilisummaa Oromiyaa,,,,
United Nations Office for the Coordination of Humanitarian Affairs,ORG,,,,,https://en.wikipedia.org/wiki/United_Nations_Office_for_the_Coordination_of_Humanitarian_Affairs,,
United Nations High Commissioner for Refugees; UNHCR,ORG,ስደተኛታት ውድብ ሕቡራት ሃገራት,sɨdətəɲatat wɨdɨb ħɨburat haɡərat,UNHCR,,,,
United Nations; UN,ORG,ዩኤን; ሕቡራት ሃገራት,juʔen; ħɨburat haɡərat,UN; Mootummoota Gamtooman,,https://en.wikipedia.org/wiki/United_Nations,20000193,
United States Army,ORG,ሰራዊት ኣሜሪካ,sərawit ʔamerika,,,,,
United States Senate,ORG,ሴኔት,senet,,,,,
United States Senate,ORG,,,,,https://en.wikipedia.org/wiki/United_States_Senate,,
United States State Department; US State Department,ORG,,,,,https://en.wikipedia.org/wiki/United_States_Department_of_State,,
United States; United States of America; US; USA; U.S.A.; U.S.,GPE,ዩናይትድ ሥቴትሥ; ሕ . መ . ኣ . ; ዩነይትድ ስቴትስ;ኣመሪካ,junajɨtɨd sɨtetɨs; ħ . mə . ʔa . ; junəjtɨd sɨtetɨs,Yunaayitid Isteesi; USA; Yuunaayted Isteetis; Ameerikaa; Amerikaa; Yunaayitid Isteetsii,,https://en.wikipedia.org/wiki/United_States,6252001,
Universal Music Group,ORG,ዩኒቨርሳል ሚዩዚክ ግሩፕ,junivərsal mijuzik ɡɨrup,,,,,
Universal Orlando,ORG,ዩኒቨርሳል ኦርላንዶን,junivərsal ʔorlandon,,,,,
Universal Studios Hollywood,ORG,ስቱድዮታት ዩኒቨርሳል ሆሊውድ,sɨtudjotat junivərsal holiwɨd,,,,,
University of Haramaya,ORG,,,Yunivarsitii Haromaayaa; Yunnivarsitii Haromaayaa,,https://en.wikipedia.org/wiki/Haramaya_University,,
University of London,ORG,ዩኒቨርስቲ ለንደን,junivərsɨti ləndən,,,,,
"University of San Marcos, Lima",ORG,ሳን ማርቆስ ሊማ ዩኒቨርስቲ,san marɨqos lima junivərɨsɨti,,,,,
Urgessa,,,,Urgeessaa,,,,
Urso,,,,,,,,
Urso military camp,LOC,,,,,,,
Uruguay,GPE,,,Uruguwaay,,,,
US,GPE,ዩ ኤስ,ju ʔes; juʔes,,,,,
USS,ORG,ዩ . ኤስ . ኤስ.,,,,,,
USAID; United States Agency for International Development,ORG,,,,,https://en.wikipedia.org/wiki/United_States_Agency_for_International_Development,,
Ushuaia,,ኡሽዋያ,ʔuʃɨwaja,,,,,
Uzbekistan,GPE,,,Uzbeekistaan,,,,
Valetta,,ቫሌታ,valeta,,,,,
Vanatu,GPE,,,Banuwaatuu,,,,
Varuna,GPE,ቫሩና,varuna,,,,,
Vatican,GPE,,,Baatikaan,,,,
Venezuela,GPE,,,Benezuweelaa,,,,
Venice,GPE,,,Benesiyaa,,,,
Vietnam,GPE,ቬትናም,vetɨnam,Beetinaam,,,,
Viktor Orbàn,PER,ቪክቶር ኦርባን,vikɨtor ʔorɨban,,,,,
Virgin Mary,PER,ድንግል ማርያም,dɨnɡɨl marjam,,,,,
Vivendi Universal,ORG,ቪቬንዲ ዩኒቨርሳል,vivendi junivərsal,,,,,
VOA; Voice of America; VOATigrigna; VOATigrina,ORG,ቪኦኤ; ሬድዮ ድምፂ ኣሜሪካ,,VOA,,https://en.wikipedia.org/wiki/Voice_of_America,,
Voice of Oromo Liberation; VOL,ORG,,,Sagalee Bilisummaa Oromoo; SBO,,,,
Voice of America,ORG,,,raadiyoon sagalee Amerikaa,,,,
Wabe,,,,Waabee,,,,
Wabe Gafarsa,,,,Waabee Gafarsaa,,,,
Wachu,,,,Waaccuu,,,,
Wadera,,,,Wadeera,,,,
Wag Hemra Zone,GPE,,,,,https://en.wikipedia.org/wiki/Wag_Hemra_Zone,8051209,
Walabu,,,,Haroo Walaabuu,,,,
Walanchitti,,,,Walancittii,,,,
Waldiya,,,,Waldiyaa,,,,
Wales,GPE,ዌልስ,wels,,,,,
Walga,,,,Waalgaa,,,,
Waliso wordea,GPE,,,Waliso; Walisoo,,https://en.wikipedia.org/wiki/Waliso_(woreda),336372,
Walmal,,,,Walmal,,,,
Wama,,,,Waamaa,,,,
Wanci Mountains,,,,Gooroo Wancii,,,,
Wanji,,,,Wanjii,,,,
Wanji Gafarsa,,,,Wanjii Gafarsaa,,,,
Warka,,,,Warqa,,,,
"Washington DC; DC; Washington, D.C.",GPE,ዋሽንግተን; ዋሽንግቶን; ዋሺንግቶን,waʃɨnɨɡɨtən; waʃnɨɡton; waʃinɡɨton,"Washington DC; Washiingtiin Diisii; Waashingitan Diisii; Waashinton Diisii;WASHINTON,DC",,,4140963,
Washington,GPE,ዋሽንግተን,waʃnɨɡtən,,,https://en.wikipedia.org/wiki/Washington_(state),,
Watar,,,,Watar,,,,
Wayane; Tigrayan People's Liberation Front; Weyane; Second Weyane,ORG,ወያነ; ህዝባዊ ምንቅስቃስ ሓርነት ትግራይ,,Wayyannee; Wayyanne; Wayyaane; Woyyaane; Wayyane; Waaynee,,https://en.wikipedia.org/wiki/Tigrayan_People%27s_Liberation_Front,71000046,
Wayyu,,,,Waayyuu,,,,
Weldiya,GPE,,,,,https://en.wikipedia.org/wiki/Weldiya,,
Welega; Wellega; Wollega,GPE,,,Wallagga,,https://en.wikipedia.org/wiki/Welega_Province,326395,
Welkait,,ወልቃይት,,Welkait,,,,
Welkait Amhara Identity Committee,,,,,,,,
"Welwel, Ethiopia",GPE,,,,,"https://en.wikipedia.org/wiki/Welwel,_Ethiopia",326348,
Werder,GPE,,,,,"https://en.wikipedia.org/wiki/Werder,_Ethiopia",,
West Arsi Zone; Mirab Arsi Zone,GPE,,,Arsii Lixaa; Arsii Dhihaa,,https://en.wikipedia.org/wiki/West_Arsi_Zone,343450,
West Bank,,ዌስት ባንክ,wesɨt banɨk,,,,,
West Gojjam Zone,GPE,,,Goojjaam Dhihaa,,https://en.wikipedia.org/wiki/West_Gojjam_Zone,7670722,
West Hararghe Zone,GPE,,,Harargee Dhihaa; Godina Harargee Dhihaa; Harargee Lixaa,,https://en.wikipedia.org/wiki/West_Hararghe_Zone,7732969,
West Shewa Zone,GPE,,,Shawaa Lixaa; Shawaa Dhihaa; Godina Shawaa Lixaa; Godina Shawaa Dhihaa,,https://en.wikipedia.org/wiki/West_Shewa_Zone,7670715,
West Welega Zone; West Wellega Zone; West Wollega Zone; Mirab Welega; West Wallagga,GPE,,,Wallagga Lixaa; Wallagga Dhihaa; Godina Wallagga Lixaa; Godina Wallagga Dhihaa,,https://en.wikipedia.org/wiki/West_Welega_Zone,7732966,
Western Balkans,LOC,ምዕራባውያን ሃገራት ባልካን,mɨʕɨrabawɨjan haɡərat balɨkan,,,,,
Western Hemisphere,LOC,ምዕራብ ሄሚሶፊር,mɨʕɨrab hemisofir,,,,,
Weyib,,,,Weeyib,,,,
White House,ORG,ኋይት ሃውስ; ዋይት ሃውስ,hʷajɨt hawɨs; wajɨt hawɨs,Waayit Haawus,,https://en.wikipedia.org/wiki/White_House,4140704,
Wisconsin,GPE,ዊስኮንሲን,wiskonsin,,,,,
Wolayita Zone,GPE,,,,,https://en.wikipedia.org/wiki/Wolayita_Zone,326423,
Wollo,ORG,,,,,https://en.wikipedia.org/wiki/Wollo_Province,326350,
Working Group on Arbitrary Detention,ORG,,,,,https://en.wikipedia.org/wiki/Working_Group_on_Arbitrary_Detention,,
World Bank,ORG,ዓለምለኻዊ ባንክ; ባንክ ዓለም,,Baankii Addunyaa,,https://en.wikipedia.org/wiki/World_Bank,20000232,
World Food Program; World Food Programme,ORG,ኣህጉራዊ ውድብ መግቢ,,sagantaa nyaataa addunyaa; gargaarsa nyaata addunyaa,,https://en.wikipedia.org/wiki/World_Food_Programme,20000236,
World Health Organization; WHO,ORG,ኣህጉራዊ ውድብ ጥዕና,,Jaarmayaan Fayyaa Addunyaa,,https://en.wikipedia.org/wiki/World_Health_Organization,20000237,
World Trade Center,LOC,ዓለም ንግዲ ማዕከል,ʕaləm nɨɡdi maʕkəl,,,,,
Yaballo,,,,Yaaballoo,,,,
Yabbu,,,,Yabbuu,,,,
Yadot,,,,Yaadot,,,,
Yambaro,,,,Yambaroo,,,,
Yasser,PER,ያሲን,jasin,,,,,
Yasser Arafat,PER,ያሲን ዓራፋት,jasin ʕarafat,,,,,
Yayyu,,,,Yaayyoo,,,,
Yemen,GPE,የመን,jəmən,Yaman,,https://en.wikipedia.org/wiki/Yemen,69543,
Yilkal Getnet,,,,Yiliqaal Geetinnet,,,,
Yirba Muda,,,,Yirbaa Muudaa,,,,
Yomiuri,,ዮሚዩሪ,,,,,,
Yubdo,,,,Yuubdoo,,,,
Zambia,GPE,,Zaambiyaa,Zaambiyaa,,,,
Zanzibar,GPE,ዛንዚባር,zanzibar,,,,,
Zerihun Wodajo,,,,Zarihuun Wadaajoo,,,,
Zawiya,,ዛዊያ,zawija,,,,,
Zia-ul Haq,PER,ዚያ - ኡል ሓቅ,zija - ʔul ħaq,,,,,
Zimbabwe,GPE,,,Zimbaabwee,,,,
Ethiopian People's Revolutionary Democratic Front;EPRDF,ORG,,,,,,71000041,